participant_id,university,course_type,condition,age,age_group,gender,ethnicity,act_score,baseline_intrinsic_motivation,baseline_stem_anxiety,baseline_classroom_comfort,baseline_growth_beliefs,mid_intrinsic_motivation,mid_stem_anxiety,mid_classroom_comfort,mid_growth_beliefs,final_intrinsic_motivation,final_stem_anxiety,final_classroom_comfort,final_growth_beliefs,perceived_ai_usefulness,perceived_ai_ease_of_use,perceived_instructor_universal_beliefs,perceived_peer_support,perceived_faculty_support,course_grade,final_exam_score,assignment_average,class_attendance_rate,study_hours_per_week
S0001,University A,Computer Science,AI Only,41,Non-traditional (>22),Female,White,23.0,4.58,4.27,2.82,4.44,4.89,3.77,2.57,5.03,4.36,2.43,4.0,4.3,4.71,4.26,3.85,4.05,4.23,78.7,78.6,82.1,0.894,10.0
S0002,University A,Mathematics,Mindset Only,22,Traditional (18-22),Female,White,21.9,4.61,3.66,3.24,3.33,4.66,3.44,3.84,4.13,4.49,3.17,4.28,5.04,,,5.13,5.26,4.78,82.0,76.5,86.3,0.873,9.7
S0003,University A,Computer Science,Control,18,Traditional (18-22),Male,Hispanic/Latino,20.7,4.13,3.99,3.61,4.13,3.8,3.51,3.85,4.53,4.18,3.91,4.08,3.95,,,4.18,4.52,4.09,71.6,71.4,77.6,0.869,6.4
S0004,University A,Physics,Control,29,Non-traditional (>22),Male,White,25.4,4.91,4.31,4.13,4.32,5.18,4.07,4.03,3.87,4.79,3.09,3.57,4.33,,,3.82,4.19,4.0,82.8,82.1,88.7,0.857,7.2
S0005,University A,Biology,Control,20,Traditional (18-22),Female,White,21.9,4.75,3.59,3.9,4.17,4.18,3.58,3.92,4.91,3.87,3.36,3.56,4.15,,,4.57,4.2,4.42,67.9,67.3,71.1,0.826,5.0
S0006,University A,Biology,AI + Mindset,20,Traditional (18-22),Male,Other,24.5,3.63,3.81,3.74,4.04,4.23,2.73,4.62,5.15,5.95,2.29,5.0,5.41,3.88,4.47,4.7,3.92,4.94,80.7,82.2,88.1,1.0,7.9
S0007,University C,Engineering,AI Only,42,Non-traditional (>22),Female,Black/African American,26.1,3.7,2.93,4.11,4.71,4.21,2.88,4.04,4.9,4.89,2.85,3.75,4.75,5.05,3.72,4.6,4.28,5.29,80.3,76.2,79.2,0.936,8.0
S0008,University A,Mathematics,AI + Mindset,39,Non-traditional (>22),Male,White,22.8,4.62,3.03,3.56,4.16,4.67,1.86,3.55,4.34,4.43,2.36,4.7,5.23,4.85,5.26,4.58,4.47,4.05,82.3,86.4,80.8,0.79,10.5
S0009,University B,Biology,AI Only,21,Traditional (18-22),Female,Black/African American,25.0,3.69,3.38,3.61,4.23,4.96,1.99,4.1,3.96,6.0,2.65,4.62,4.85,4.49,4.58,3.64,4.41,3.95,83.8,82.4,90.2,0.882,6.7
S0010,University A,Mathematics,Control,19,Traditional (18-22),Female,White,20.2,3.95,3.75,4.15,3.72,3.85,3.56,3.95,4.25,3.39,3.57,3.6,4.46,,,4.52,3.29,3.91,76.1,77.3,73.0,0.927,12.4
S0011,University A,Mathematics,AI + Mindset,18,Traditional (18-22),Male,White,24.4,4.77,3.71,4.03,4.26,5.99,2.98,4.97,5.59,5.62,1.75,4.37,5.39,4.77,4.58,5.05,4.92,4.19,88.7,89.4,89.6,0.927,11.6
S0012,University A,Physics,AI + Mindset,19,Traditional (18-22),Male,White,25.3,4.23,3.19,4.15,4.42,4.88,1.53,4.5,5.01,5.71,1.75,4.81,5.41,5.49,4.38,4.93,4.5,4.83,80.9,84.3,89.1,0.832,7.8
S0013,University A,Mathematics,AI + Mindset,18,Traditional (18-22),Male,White,14.8,3.86,3.62,3.93,4.87,4.99,2.89,4.67,5.68,5.74,1.98,5.08,5.12,5.34,5.27,4.82,4.03,4.64,83.1,78.8,83.6,0.945,8.3
S0014,University B,Biology,Control,21,Traditional (18-22),Female,Black/African American,23.0,3.94,3.49,3.4,4.19,3.85,3.62,3.15,4.35,3.78,3.41,3.89,4.64,,,3.8,3.99,4.11,67.7,72.3,69.3,0.86,8.6
S0015,University A,Biology,Control,18,Traditional (18-22),Male,Hispanic/Latino,24.9,3.94,2.82,4.21,3.48,3.36,2.97,4.38,3.77,4.54,3.46,4.09,3.76,,,3.96,3.79,4.22,81.0,83.2,88.9,0.924,8.3
S0016,University B,Biology,AI Only,20,Traditional (18-22),Female,Black/African American,22.5,4.33,2.82,3.55,3.94,4.67,1.83,3.63,4.25,5.03,2.23,4.77,4.63,5.0,4.66,3.95,4.51,4.02,75.8,77.2,77.7,0.818,10.6
S0017,University B,Computer Science,AI + Mindset,24,Non-traditional (>22),Male,Black/African American,23.5,4.35,3.45,3.89,3.45,5.21,3.08,4.73,3.93,4.97,3.1,4.98,4.82,4.87,5.06,3.89,4.67,3.47,82.8,83.2,82.9,0.782,7.6
S0018,University A,Mathematics,AI + Mindset,20,Traditional (18-22),Female,White,26.6,3.48,3.53,3.6,3.34,4.5,2.1,3.98,4.12,5.45,2.37,5.02,5.63,4.59,3.56,4.27,4.57,4.15,95.4,92.7,97.9,1.0,9.3
S0019,University C,Chemistry,AI + Mindset,19,Traditional (18-22),Male,White,24.4,3.68,3.05,3.73,4.18,4.22,1.85,4.21,4.87,5.14,1.95,5.29,5.23,5.7,2.97,4.36,4.5,5.41,89.5,90.1,95.1,0.978,10.8
S0020,University A,Computer Science,AI + Mindset,24,Non-traditional (>22),Male,Hispanic/Latino,23.3,4.06,4.4,3.77,4.43,4.88,3.08,5.04,4.83,4.96,1.8,4.75,5.02,3.37,4.6,4.93,4.21,4.4,86.9,88.4,91.4,0.82,12.9
S0021,University A,Biology,Mindset Only,19,Traditional (18-22),Female,Hispanic/Latino,22.5,3.91,3.58,3.98,4.46,4.48,3.23,4.69,4.98,5.2,3.27,4.34,5.88,,,4.58,4.5,4.61,88.7,90.4,92.7,0.952,10.6
S0022,University C,Engineering,Mindset Only,22,Traditional (18-22),Male,Black/African American,21.0,4.33,3.95,3.84,3.85,4.78,3.72,4.51,4.16,4.92,2.68,4.17,5.16,,,4.84,4.13,4.51,72.3,71.1,76.3,0.942,9.7
S0023,University B,Mathematics,Control,32,Non-traditional (>22),Male,Black/African American,17.7,4.02,4.75,3.39,5.39,4.45,4.56,3.4,5.35,3.99,3.53,3.52,3.97,,,3.94,4.03,3.94,83.2,88.3,87.3,0.969,9.5
S0024,University A,Engineering,Mindset Only,23,Non-traditional (>22),Female,White,19.3,4.19,4.44,4.34,4.84,4.28,3.85,4.64,5.24,4.43,3.47,4.5,4.91,,,4.59,3.78,3.61,70.2,73.5,65.4,0.958,7.2
S0025,University B,Physics,Control,39,Non-traditional (>22),Male,Asian,22.4,3.71,3.95,3.53,3.94,3.85,3.96,4.21,3.45,4.02,3.42,3.89,3.84,,,3.56,3.26,4.64,72.8,73.1,79.3,0.797,6.0
S0026,University C,Engineering,Mindset Only,20,Traditional (18-22),Male,White,19.4,4.08,3.64,3.7,4.14,4.6,3.69,3.8,4.61,5.02,1.96,4.02,4.79,,,4.81,4.04,4.06,77.1,76.9,81.0,0.794,8.0
S0027,University A,Computer Science,AI Only,18,Traditional (18-22),Male,Hispanic/Latino,21.6,4.55,3.88,3.93,4.55,5.28,3.34,3.77,5.11,5.09,2.92,4.41,4.48,4.43,4.07,4.47,4.0,4.1,89.8,88.4,96.2,0.989,8.1
S0028,University B,Biology,Mindset Only,18,Traditional (18-22),Female,Black/African American,23.2,3.93,3.51,3.94,3.98,4.05,3.3,4.15,4.68,4.69,2.34,4.24,5.38,,,5.29,4.99,4.76,80.0,74.9,86.1,0.903,9.0
S0029,University B,Engineering,AI Only,24,Non-traditional (>22),Male,Black/African American,19.5,3.61,4.03,3.42,5.25,4.14,3.67,3.35,5.61,4.42,2.85,3.89,4.26,4.08,3.52,4.57,3.78,4.18,81.7,80.0,84.2,1.0,8.5
S0030,University C,Chemistry,AI Only,34,Non-traditional (>22),Male,White,21.8,4.28,3.92,4.35,4.74,4.97,3.54,4.42,4.92,4.55,2.52,4.32,4.74,4.79,4.84,3.71,3.98,4.13,88.0,86.4,82.2,0.867,10.0
S0031,University A,Physics,AI Only,32,Non-traditional (>22),Female,White,23.5,4.58,2.55,3.87,4.76,5.33,2.45,3.27,5.12,5.03,3.14,3.52,4.75,3.2,4.85,4.32,3.99,4.19,85.9,85.2,91.9,0.903,9.1
S0032,University A,Biology,AI + Mindset,42,Non-traditional (>22),Female,Other,20.1,3.52,2.96,4.07,4.13,3.85,3.26,4.35,5.01,4.7,2.78,4.51,4.84,3.95,3.23,4.5,4.52,4.09,79.0,83.9,74.7,0.868,7.4
S0033,University C,Biology,Mindset Only,39,Non-traditional (>22),Male,Hispanic/Latino,21.2,3.72,3.15,4.74,4.58,3.71,3.02,4.97,5.13,4.05,3.5,4.67,4.94,,,3.93,3.68,4.62,75.6,77.2,81.9,0.784,8.3
S0034,University A,Mathematics,Mindset Only,18,Traditional (18-22),Male,Asian,24.6,4.05,3.58,4.49,4.05,4.58,3.18,4.92,4.27,4.87,3.03,5.2,5.41,,,4.75,4.41,4.29,74.0,71.7,72.3,0.894,10.0
S0035,University A,Chemistry,Mindset Only,36,Non-traditional (>22),Male,Black/African American,21.2,3.98,3.34,3.66,4.64,4.39,2.86,3.83,5.17,3.83,3.07,4.1,4.72,,,4.51,4.94,4.71,80.7,82.2,80.3,0.849,12.3
S0036,University A,Physics,AI + Mindset,19,Traditional (18-22),Male,White,23.5,4.23,3.26,3.66,3.46,4.93,2.79,4.1,4.02,5.41,1.45,5.03,5.87,5.4,4.43,6.0,4.01,4.52,93.8,95.7,97.4,0.962,7.6
S0037,University B,Engineering,Control,29,Non-traditional (>22),Female,Black/African American,21.2,4.15,3.12,3.26,4.07,3.93,3.12,2.78,4.24,4.1,4.0,3.95,3.89,,,3.91,3.62,5.09,70.3,68.4,76.3,0.814,7.5
S0038,University A,Biology,AI + Mindset,44,Non-traditional (>22),Female,Black/African American,22.6,3.54,3.53,3.49,4.01,4.44,3.16,3.67,4.65,4.77,2.63,4.65,4.81,4.36,3.9,5.23,4.81,4.56,79.3,79.7,88.1,0.974,5.4
S0039,University B,Mathematics,AI Only,44,Non-traditional (>22),Female,White,23.0,4.21,3.21,3.79,5.06,5.11,2.96,3.99,5.24,4.43,3.47,4.18,4.24,4.6,4.41,4.2,4.32,4.0,89.5,91.4,87.4,0.873,6.1
S0040,University C,Chemistry,AI + Mindset,31,Non-traditional (>22),Male,Black/African American,23.8,3.37,4.24,4.35,3.95,4.06,3.81,4.91,4.31,5.47,2.28,4.92,5.07,5.32,4.53,4.61,4.61,3.2,89.7,87.7,91.6,0.988,10.6
S0041,University C,Biology,Control,24,Non-traditional (>22),Female,White,22.5,3.23,3.17,4.58,3.96,3.18,2.71,4.76,4.0,4.46,2.94,3.63,4.33,,,4.25,3.04,4.38,83.6,81.4,80.4,0.988,5.6
S0042,University A,Computer Science,AI + Mindset,36,Non-traditional (>22),Male,Black/African American,23.3,4.0,3.57,3.98,4.15,4.91,2.11,5.34,4.41,4.97,2.18,4.56,4.77,5.0,3.91,4.47,4.73,4.27,86.7,87.9,84.9,0.936,9.7
S0043,University B,Physics,Mindset Only,19,Traditional (18-22),Female,Hispanic/Latino,22.4,4.07,3.88,4.14,4.93,4.14,3.41,4.16,5.78,4.44,3.17,4.79,5.22,,,5.41,4.6,4.31,82.1,81.1,84.9,0.823,8.1
S0044,University A,Physics,Mindset Only,44,Non-traditional (>22),Male,Black/African American,17.9,4.43,4.61,4.24,3.34,5.2,4.43,4.51,3.86,4.0,3.65,4.76,5.32,,,4.83,4.22,3.8,81.3,78.2,83.3,0.999,9.9
S0045,University B,Engineering,AI Only,21,Traditional (18-22),Female,Hispanic/Latino,22.8,3.6,2.95,3.87,4.76,4.46,1.67,3.86,5.26,5.04,2.46,4.26,4.33,3.68,4.15,4.05,3.61,4.0,85.0,82.1,86.1,0.924,7.1
S0046,University C,Engineering,Mindset Only,18,Traditional (18-22),Male,Black/African American,26.1,4.17,2.97,3.99,4.5,4.45,2.81,4.95,4.81,4.74,2.11,4.71,5.84,,,5.08,4.09,4.52,80.3,77.1,85.1,0.903,10.6
S0047,University B,Chemistry,AI Only,43,Non-traditional (>22),Female,White,19.3,4.17,3.11,3.23,3.43,4.84,3.12,3.51,3.42,5.13,2.17,4.2,4.88,4.89,4.2,3.71,3.98,3.89,85.3,80.4,89.5,0.793,7.6
S0048,University B,Chemistry,Control,21,Traditional (18-22),Male,Hispanic/Latino,21.4,4.69,3.55,3.53,3.8,4.88,3.18,3.55,4.28,3.65,3.01,4.01,4.78,,,3.3,3.93,4.41,75.2,74.2,82.4,0.753,6.9
S0049,University B,Biology,Control,34,Non-traditional (>22),Male,White,23.8,3.56,2.42,3.96,5.2,3.56,2.76,3.98,5.17,4.29,3.19,3.4,3.65,,,3.67,4.3,4.03,78.5,81.3,79.4,0.882,9.0
S0050,University B,Chemistry,Mindset Only,18,Traditional (18-22),Female,White,20.7,4.37,3.1,3.94,4.58,3.72,2.77,4.42,5.03,4.38,4.07,4.91,4.68,,,5.12,4.34,4.26,74.9,75.8,79.6,0.861,7.2
S0051,University A,Chemistry,AI Only,20,Traditional (18-22),Female,White,25.6,4.61,4.17,3.51,3.9,5.01,3.32,4.08,4.25,5.37,2.18,3.76,4.35,5.02,3.74,4.19,3.27,3.72,84.5,87.1,89.2,1.0,6.8
S0052,University B,Physics,Control,28,Non-traditional (>22),Male,White,19.5,3.99,2.52,4.62,3.72,3.98,2.99,4.37,3.03,4.26,3.18,3.83,3.86,,,4.1,4.36,3.65,74.6,73.3,73.1,0.667,8.5
S0053,University C,Mathematics,AI + Mindset,21,Traditional (18-22),Female,White,25.0,4.04,4.36,3.71,4.24,4.97,3.24,4.19,5.42,5.8,2.05,5.24,5.33,4.13,4.23,4.57,4.33,4.57,92.3,89.3,88.9,0.956,12.0
S0054,University C,Mathematics,AI + Mindset,18,Traditional (18-22),Male,White,22.2,3.57,3.48,3.39,4.22,4.69,2.12,4.22,4.76,5.38,1.89,4.99,5.69,5.05,4.16,4.62,4.63,4.39,81.7,82.3,87.1,0.7,6.4
S0055,University B,Physics,AI + Mindset,18,Traditional (18-22),Female,Black/African American,24.3,3.67,3.95,4.49,4.32,4.63,2.75,4.85,5.1,4.94,1.44,5.18,5.13,4.65,4.02,4.37,4.6,4.86,86.7,83.8,81.6,0.949,10.9
S0056,University B,Biology,Control,20,Traditional (18-22),Male,White,24.0,4.58,3.24,3.36,4.31,5.02,2.66,3.02,4.17,4.39,3.33,3.88,3.78,,,4.17,3.22,4.68,76.0,73.6,74.8,0.686,9.3
S0057,University A,Engineering,Control,18,Traditional (18-22),Male,White,21.7,4.29,3.0,3.79,3.93,4.78,3.63,3.49,4.05,3.5,3.51,4.12,4.04,,,3.55,3.78,3.75,67.8,71.0,73.2,0.835,9.9
S0058,University B,Physics,AI Only,22,Traditional (18-22),Female,Hispanic/Latino,25.6,4.02,3.76,3.46,4.87,5.1,3.28,3.81,4.97,5.1,1.99,3.88,4.56,5.23,4.38,3.6,4.2,4.38,85.2,86.7,84.4,0.703,3.6
S0059,University C,Biology,Mindset Only,21,Traditional (18-22),Male,Hispanic/Latino,25.2,3.96,3.4,3.45,3.87,4.25,3.26,4.23,4.2,4.74,2.62,4.73,5.39,,,3.59,4.67,4.65,75.7,80.2,76.6,0.85,6.6
S0060,University A,Computer Science,Mindset Only,34,Non-traditional (>22),Male,Hispanic/Latino,23.3,3.72,3.22,3.37,4.32,3.92,2.7,3.66,4.85,4.56,3.68,4.48,4.84,,,5.51,3.64,4.49,76.1,81.8,82.1,0.67,8.6
S0061,University B,Biology,Mindset Only,19,Traditional (18-22),Female,White,23.0,4.03,3.49,3.79,4.78,4.64,3.06,4.77,5.44,4.94,2.68,4.94,5.07,,,4.84,4.58,4.5,78.1,79.2,76.8,0.82,6.9
S0062,University A,Biology,Mindset Only,20,Traditional (18-22),Female,White,24.0,3.42,3.96,3.53,4.95,4.11,3.49,4.42,5.55,4.69,2.72,4.51,5.5,,,5.31,4.19,4.19,86.7,89.2,90.6,0.817,7.9
S0063,University B,Computer Science,AI + Mindset,20,Traditional (18-22),Female,Hispanic/Latino,23.6,3.52,3.37,3.81,4.09,4.93,2.53,4.29,5.06,5.51,2.15,5.0,5.6,5.41,4.92,4.65,3.72,4.39,86.2,87.0,89.4,1.0,9.8
S0064,University A,Engineering,Control,22,Traditional (18-22),Female,Black/African American,24.1,3.51,4.47,3.15,4.52,3.7,4.28,3.35,4.42,3.82,4.16,3.87,4.33,,,3.7,3.77,4.27,81.5,79.5,85.4,0.789,8.2
S0065,University C,Engineering,AI Only,21,Traditional (18-22),Male,White,22.6,3.95,3.01,4.24,4.15,3.87,2.7,4.37,4.34,5.11,2.67,4.61,4.68,5.06,5.15,4.26,4.04,4.54,83.0,84.0,85.8,0.931,7.9
S0066,University C,Mathematics,AI + Mindset,41,Non-traditional (>22),Female,Hispanic/Latino,23.4,3.35,2.97,3.37,4.58,4.44,2.31,3.8,5.13,5.07,3.2,4.53,4.98,4.52,4.6,5.05,4.38,4.74,84.9,88.4,83.2,0.899,10.9
S0067,University C,Engineering,Control,31,Non-traditional (>22),Female,White,24.0,3.85,3.25,3.44,3.83,3.96,3.24,3.25,3.36,3.86,4.07,3.72,4.62,,,2.75,3.29,5.02,70.1,70.4,70.2,0.82,8.1
S0068,University B,Computer Science,Mindset Only,39,Non-traditional (>22),Male,White,22.9,3.93,3.11,3.72,3.85,4.25,2.96,3.41,4.22,4.73,2.95,4.5,5.66,,,3.87,4.51,4.2,74.9,78.2,75.4,0.798,5.2
S0069,University C,Chemistry,Control,19,Traditional (18-22),Male,Hispanic/Latino,24.0,3.73,3.63,4.25,5.08,3.67,3.98,4.59,4.84,4.13,3.35,3.97,4.52,,,4.03,4.92,3.98,78.4,83.8,76.2,0.925,9.0
S0070,University A,Engineering,Mindset Only,18,Traditional (18-22),Male,Black/African American,24.3,3.92,3.21,4.05,4.73,4.24,2.86,4.36,5.22,4.7,3.78,4.39,5.13,,,5.33,4.1,3.82,77.1,80.4,79.5,0.792,8.7
S0071,University B,Physics,AI Only,44,Non-traditional (>22),Male,Black/African American,22.9,4.52,4.2,3.58,4.12,4.4,3.44,4.06,4.74,4.98,2.34,4.0,4.11,4.5,4.59,3.6,4.23,4.01,84.3,80.6,84.0,0.876,9.5
S0072,University A,Engineering,AI Only,20,Traditional (18-22),Male,White,24.7,4.15,3.45,3.98,3.57,4.39,2.32,4.31,4.31,4.88,3.06,4.45,4.47,4.42,4.79,3.73,3.82,4.0,81.2,87.9,85.7,0.909,5.0
S0073,University B,Physics,Control,20,Traditional (18-22),Male,Hispanic/Latino,24.4,3.58,2.9,3.72,4.78,3.37,3.08,3.86,5.0,3.65,3.29,3.97,4.41,,,3.66,3.93,3.96,76.5,81.5,84.7,0.807,4.0
S0074,University B,Mathematics,Mindset Only,28,Non-traditional (>22),Male,White,22.4,4.55,2.43,5.06,4.62,4.86,2.22,5.48,5.16,3.87,3.68,4.09,4.64,,,4.72,4.1,4.72,87.3,89.3,91.5,0.894,8.8
S0075,University B,Physics,Control,22,Traditional (18-22),Male,White,25.9,3.79,4.01,3.88,4.89,3.75,3.86,3.7,4.95,4.24,3.53,4.12,4.63,,,3.89,3.55,3.72,79.4,80.8,83.4,0.891,9.8
S0076,University B,Physics,AI + Mindset,22,Traditional (18-22),Male,White,27.9,4.03,3.42,3.52,3.8,4.67,2.83,4.05,4.55,5.45,2.18,4.86,5.45,4.8,4.11,4.73,4.53,4.47,90.1,92.2,91.0,0.946,6.4
S0077,University B,Biology,Control,19,Traditional (18-22),Female,White,20.9,4.19,3.75,4.22,5.3,4.31,3.55,4.22,4.77,4.37,3.58,3.65,4.44,,,3.59,4.35,4.1,84.0,81.9,84.4,0.835,9.2
S0078,University B,Chemistry,Mindset Only,28,Non-traditional (>22),Female,Hispanic/Latino,19.0,3.67,3.26,4.15,4.31,3.97,3.41,4.44,4.81,4.65,2.83,4.16,4.75,,,4.73,4.75,4.64,77.4,77.1,80.5,0.811,3.4
S0079,University C,Computer Science,Mindset Only,21,Traditional (18-22),Female,White,22.8,3.97,4.06,3.92,3.87,4.24,3.9,3.77,4.84,4.36,3.92,4.52,4.43,,,5.37,4.55,4.62,80.6,78.1,88.3,0.898,9.8
S0080,University B,Computer Science,AI + Mindset,44,Non-traditional (>22),Female,White,18.5,3.55,3.39,2.74,4.51,3.4,2.74,3.23,5.2,5.02,2.4,4.34,4.66,4.69,3.44,4.44,4.35,4.96,81.0,80.9,91.0,0.885,10.7
S0081,University A,Engineering,Mindset Only,27,Non-traditional (>22),Male,Hispanic/Latino,19.7,4.27,3.84,2.89,3.83,4.39,3.57,3.0,3.97,4.18,2.32,4.44,5.14,,,5.07,4.2,4.19,82.4,87.4,84.0,0.817,8.7
S0082,University C,Biology,AI Only,35,Non-traditional (>22),Female,Hispanic/Latino,25.2,4.02,4.06,4.25,4.2,4.64,2.95,4.22,4.13,4.91,2.8,4.25,4.13,3.98,3.85,4.78,3.99,3.67,75.9,79.7,80.5,0.868,8.7
S0083,University B,Physics,AI Only,18,Traditional (18-22),Male,White,19.2,4.17,3.51,3.54,4.4,5.29,2.79,4.05,4.22,5.14,1.78,4.42,5.17,4.7,3.87,3.84,4.14,3.74,79.1,76.2,83.0,0.981,9.1
S0084,University B,Engineering,AI + Mindset,18,Traditional (18-22),Female,Hispanic/Latino,16.7,4.1,2.65,3.63,4.7,4.39,2.16,4.27,5.64,5.71,1.85,5.0,5.7,5.96,3.83,4.07,4.7,5.14,88.2,90.2,92.0,0.82,8.6
S0085,University B,Mathematics,Control,19,Traditional (18-22),Male,Black/African American,21.8,3.5,3.68,4.15,4.03,2.72,3.76,4.29,4.15,4.28,3.45,4.25,3.76,,,3.11,4.03,3.9,74.1,77.8,71.8,0.902,10.3
S0086,University B,Mathematics,Mindset Only,27,Non-traditional (>22),Female,Hispanic/Latino,25.1,3.64,2.96,4.53,4.44,4.3,2.42,4.58,4.71,4.14,3.44,4.66,4.79,,,4.87,3.66,3.55,77.1,74.6,81.9,0.796,5.9
S0087,University A,Biology,Mindset Only,32,Non-traditional (>22),Female,White,18.0,4.29,3.98,3.32,4.13,4.44,3.88,3.59,4.49,4.31,3.24,4.51,4.89,,,5.62,3.32,4.19,66.3,68.2,63.8,0.883,9.4
S0088,University C,Physics,AI + Mindset,25,Non-traditional (>22),Male,Hispanic/Latino,22.0,4.02,3.38,3.91,4.3,5.01,2.36,4.3,4.49,4.94,2.64,4.83,4.78,5.23,5.11,5.19,4.74,5.11,72.0,68.9,75.5,0.906,6.4
S0089,University A,Mathematics,AI + Mindset,34,Non-traditional (>22),Male,Hispanic/Latino,20.1,3.72,3.97,4.53,3.94,4.16,3.28,5.17,4.42,4.63,2.96,4.15,5.45,4.12,4.12,5.56,4.1,4.22,76.8,80.9,83.4,0.761,9.2
S0090,University B,Engineering,Mindset Only,39,Non-traditional (>22),Male,Black/African American,22.8,3.48,3.55,3.22,4.27,3.51,4.04,3.59,4.89,4.43,2.8,4.37,4.95,,,4.97,4.89,4.02,74.8,81.2,73.6,0.884,5.6
S0091,University B,Chemistry,AI Only,28,Non-traditional (>22),Male,Hispanic/Latino,20.9,4.22,3.67,3.96,3.67,4.92,3.71,4.08,3.8,4.3,3.11,4.58,4.1,5.27,4.34,4.56,3.93,4.42,83.2,78.6,87.3,0.92,8.7
S0092,University A,Chemistry,AI + Mindset,43,Non-traditional (>22),Female,Hispanic/Latino,26.6,4.28,3.25,3.91,4.32,4.78,2.31,4.18,4.57,4.92,2.79,4.47,4.6,5.36,3.55,5.54,4.07,4.44,76.7,74.2,78.4,0.798,9.5
S0093,University C,Mathematics,AI + Mindset,22,Traditional (18-22),Male,Black/African American,26.8,4.34,3.31,4.2,4.11,5.52,2.54,5.9,4.88,5.84,1.27,5.03,5.4,5.02,3.91,5.03,5.04,4.62,82.8,84.0,82.9,0.874,3.4
S0094,University C,Biology,AI Only,19,Traditional (18-22),Female,Hispanic/Latino,24.1,4.51,3.45,4.11,3.55,5.19,2.69,4.45,3.8,5.18,2.36,4.29,4.26,5.07,4.1,4.62,3.58,3.93,74.7,75.0,79.1,0.804,9.1
S0095,University C,Physics,AI + Mindset,29,Non-traditional (>22),Male,White,24.8,4.19,3.04,4.02,3.83,4.64,2.29,4.79,4.64,4.87,2.83,4.74,5.21,5.91,3.63,4.69,4.18,5.31,83.6,79.9,85.9,0.819,6.3
S0096,University A,Engineering,Mindset Only,21,Traditional (18-22),Male,White,23.8,4.32,4.24,3.59,3.95,4.36,4.85,4.51,4.52,4.68,3.04,5.09,5.01,,,5.0,4.44,4.18,80.9,86.7,82.5,0.926,8.6
S0097,University B,Biology,AI Only,20,Traditional (18-22),Male,Hispanic/Latino,25.0,4.14,3.67,2.97,4.13,4.65,3.59,3.35,4.25,4.73,3.23,4.57,4.23,5.37,4.27,3.86,4.52,4.44,81.0,80.7,87.1,0.853,7.2
S0098,University C,Computer Science,AI + Mindset,37,Non-traditional (>22),Male,Other,26.9,3.44,3.43,3.64,4.13,4.21,2.94,4.21,5.09,4.94,2.23,4.65,5.0,5.13,3.47,3.7,3.43,4.46,82.0,77.9,84.4,0.825,11.6
S0099,University B,Mathematics,AI + Mindset,21,Traditional (18-22),Female,White,27.2,4.75,4.05,3.76,3.71,5.31,3.49,4.29,4.2,5.4,2.08,5.07,5.68,5.19,4.36,4.11,4.51,4.55,86.0,83.7,85.2,0.951,8.8
S0100,University A,Biology,AI + Mindset,18,Traditional (18-22),Female,White,21.1,4.28,2.74,4.05,4.62,5.31,2.09,5.0,5.12,5.47,1.92,4.57,5.85,4.29,3.69,5.05,4.28,4.49,82.8,87.1,83.0,0.868,8.1
S0101,University B,Computer Science,Mindset Only,35,Non-traditional (>22),Male,White,24.2,3.59,3.38,3.78,4.15,3.93,3.76,4.44,4.14,4.49,3.37,3.9,5.07,,,5.81,4.59,4.37,79.2,81.0,86.5,0.893,10.6
S0102,University B,Chemistry,Control,20,Traditional (18-22),Female,Hispanic/Latino,26.3,3.4,3.24,4.69,4.08,2.52,3.2,5.03,4.08,4.5,4.25,3.71,4.49,,,4.08,3.97,4.12,80.2,82.4,86.0,0.837,7.5
S0103,University B,Mathematics,Mindset Only,21,Traditional (18-22),Female,White,21.6,3.2,2.47,4.04,4.31,3.69,2.24,4.6,5.17,4.44,3.27,4.62,5.21,,,4.9,3.99,4.2,79.2,80.5,85.3,0.876,7.8
S0104,University B,Engineering,Mindset Only,22,Traditional (18-22),Female,Hispanic/Latino,24.9,4.64,3.79,3.86,4.02,5.1,3.18,3.79,5.09,4.96,2.82,4.46,4.97,,,4.93,3.84,4.23,79.6,76.6,80.3,0.916,11.3
S0105,University B,Mathematics,AI Only,21,Traditional (18-22),Male,White,20.3,3.69,2.85,3.62,4.27,4.45,1.98,3.78,4.21,5.1,2.77,4.09,4.2,4.33,4.02,3.82,4.26,4.32,80.9,80.8,79.5,0.914,5.0
S0106,University B,Biology,Mindset Only,19,Traditional (18-22),Male,White,27.4,4.27,3.29,4.12,4.69,4.67,2.53,4.48,5.78,4.24,2.09,4.8,5.65,,,5.32,4.21,4.77,92.2,92.0,80.9,0.784,8.9
S0107,University C,Computer Science,AI Only,39,Non-traditional (>22),Male,White,24.5,3.64,3.7,3.28,4.32,3.75,2.98,3.61,4.33,4.26,2.64,4.93,4.07,3.35,4.63,3.82,3.66,3.98,80.5,81.6,81.7,0.872,9.4
S0108,University A,Computer Science,AI Only,18,Traditional (18-22),Female,Hispanic/Latino,27.2,3.79,3.12,3.45,3.65,4.44,2.07,3.5,4.07,5.7,3.33,4.73,4.72,5.74,4.13,4.76,4.17,4.89,87.2,87.8,90.9,0.996,11.0
S0109,University B,Engineering,Mindset Only,33,Non-traditional (>22),Male,Black/African American,32.3,3.17,4.36,3.69,4.31,3.39,4.0,3.85,4.8,3.76,3.49,4.42,4.99,,,4.57,4.68,4.05,78.2,73.6,83.2,0.826,6.1
S0110,University A,Engineering,Control,22,Traditional (18-22),Female,Hispanic/Latino,18.1,3.74,2.88,3.4,4.25,3.62,3.56,3.72,4.07,3.87,4.13,3.73,4.06,,,4.05,3.8,4.36,76.8,74.0,84.3,0.988,3.8
S0111,University C,Mathematics,Control,19,Traditional (18-22),Female,Hispanic/Latino,21.5,3.97,3.85,3.61,4.03,4.21,3.46,3.34,3.65,3.87,3.84,3.66,4.3,,,3.72,3.55,4.02,71.5,74.0,73.1,0.734,9.4
S0112,University C,Chemistry,Control,26,Non-traditional (>22),Male,White,21.8,3.58,4.11,3.7,4.34,3.41,3.38,3.78,3.77,4.34,3.06,3.55,4.02,,,4.05,4.41,3.76,82.4,82.2,78.9,1.0,10.6
S0113,University B,Physics,AI + Mindset,32,Non-traditional (>22),Female,White,23.1,4.17,4.54,3.1,4.43,4.73,4.1,3.45,4.92,5.11,2.53,4.33,4.77,4.77,3.86,4.09,4.56,3.59,84.1,84.5,84.9,0.756,8.4
S0114,University C,Engineering,Control,39,Non-traditional (>22),Female,White,23.1,4.33,3.35,3.69,4.8,4.47,3.06,3.96,4.64,3.64,3.58,3.67,4.51,,,4.2,4.21,3.6,80.1,80.8,89.5,0.751,8.2
S0115,University A,Computer Science,Mindset Only,34,Non-traditional (>22),Female,Hispanic/Latino,21.0,3.13,4.07,3.96,4.37,2.9,4.43,4.16,4.67,4.13,3.25,4.51,4.78,,,4.72,3.91,4.12,78.8,75.6,73.7,0.954,11.0
S0116,University B,Computer Science,AI + Mindset,25,Non-traditional (>22),Male,White,26.2,3.78,4.49,3.94,4.85,4.2,3.75,4.5,5.42,4.96,1.83,4.71,5.0,5.46,4.93,4.69,4.56,4.15,80.1,83.8,81.1,0.958,10.0
S0117,University A,Engineering,AI + Mindset,25,Non-traditional (>22),Female,White,21.8,3.57,3.41,4.4,3.61,4.59,2.69,4.17,3.73,5.21,2.03,4.96,4.86,4.85,4.35,4.89,3.88,4.9,84.5,81.6,84.0,0.87,3.5
S0118,University A,Biology,Mindset Only,20,Traditional (18-22),Male,White,20.9,3.96,3.54,3.59,4.06,4.29,3.18,4.11,4.43,4.26,3.16,4.53,5.01,,,4.76,3.63,4.49,77.4,80.4,79.8,0.817,8.9
S0119,University A,Engineering,AI Only,34,Non-traditional (>22),Male,Black/African American,21.2,3.6,3.01,4.29,3.7,4.09,2.79,4.44,4.37,4.55,2.5,3.8,4.33,4.55,3.95,4.26,3.96,4.87,73.4,74.9,82.7,0.793,6.6
S0120,University C,Computer Science,AI Only,22,Traditional (18-22),Female,White,21.4,3.68,3.64,3.94,4.26,3.92,3.18,4.86,4.55,5.28,2.19,3.89,4.19,4.44,4.35,4.06,3.47,3.42,82.9,74.1,89.9,0.818,13.3
S0121,University A,Engineering,Mindset Only,20,Traditional (18-22),Female,Hispanic/Latino,22.5,3.65,1.88,4.02,3.76,4.21,1.85,4.61,5.08,4.48,3.11,4.39,4.66,,,5.38,3.81,3.85,75.4,75.0,76.3,0.906,7.9
S0122,University A,Physics,Mindset Only,19,Traditional (18-22),Female,Hispanic/Latino,23.3,3.88,3.72,3.96,4.81,4.21,3.91,4.74,6.0,4.71,2.53,4.34,5.09,,,5.44,4.61,3.51,82.5,82.2,82.9,0.973,9.5
S0123,University A,Mathematics,Control,28,Non-traditional (>22),Female,White,21.6,4.47,4.08,3.75,4.3,4.67,3.63,4.12,4.82,4.31,4.26,3.87,4.23,,,3.62,4.01,4.71,70.0,73.5,67.0,0.677,8.9
S0124,University A,Physics,AI Only,20,Traditional (18-22),Male,Black/African American,21.4,3.93,2.52,3.64,3.41,4.43,2.33,3.92,4.12,5.36,2.51,4.75,4.23,3.11,3.8,4.17,3.51,4.43,78.0,80.3,85.3,0.798,6.7
S0125,University C,Computer Science,AI Only,35,Non-traditional (>22),Female,Hispanic/Latino,21.7,4.08,3.05,3.18,4.3,4.79,2.81,3.37,4.27,4.34,2.64,4.24,4.42,5.46,5.36,4.79,4.29,4.76,89.6,86.3,94.9,0.967,6.4
S0126,University A,Mathematics,Control,43,Non-traditional (>22),Female,Hispanic/Latino,21.2,4.14,3.6,4.0,3.81,3.7,4.18,4.07,4.04,4.52,3.59,3.65,4.46,,,3.97,3.51,4.1,68.3,63.0,74.6,0.788,5.7
S0127,University B,Biology,Mindset Only,19,Traditional (18-22),Male,White,20.7,3.74,3.71,3.59,4.0,4.15,2.73,3.84,4.43,5.04,2.11,4.36,4.48,,,4.42,4.22,4.22,86.3,85.7,88.6,1.0,10.9
S0128,University A,Engineering,AI + Mindset,38,Non-traditional (>22),Female,White,17.7,2.66,3.19,3.4,3.64,2.94,2.8,3.57,3.88,5.28,2.53,5.01,4.62,4.74,4.34,4.31,4.51,4.85,79.2,74.4,86.3,0.897,3.4
S0129,University B,Biology,AI Only,43,Non-traditional (>22),Female,White,24.6,3.76,3.46,3.97,4.37,3.61,3.45,4.24,4.93,4.39,2.56,4.08,4.69,4.01,3.93,4.26,4.02,5.1,89.1,90.5,95.5,0.93,12.1
S0130,University A,Engineering,AI + Mindset,22,Traditional (18-22),Male,White,23.9,3.83,3.26,3.3,4.15,4.53,1.15,4.63,5.27,5.48,2.58,5.21,5.18,4.31,4.01,5.75,4.56,4.87,89.6,88.5,91.7,0.8,12.9
S0131,University A,Chemistry,Control,18,Traditional (18-22),Female,Black/African American,21.5,4.02,2.97,3.51,3.69,4.31,2.13,3.86,4.1,4.04,3.32,3.73,4.17,,,3.49,3.69,4.71,72.9,72.0,64.5,0.815,7.7
S0132,University A,Mathematics,AI + Mindset,19,Traditional (18-22),Male,Hispanic/Latino,23.6,3.75,3.52,3.82,4.0,4.2,2.72,4.52,4.94,5.59,2.71,5.24,5.51,4.56,4.79,3.93,4.67,4.65,88.5,86.9,95.4,0.82,12.8
S0133,University B,Physics,Control,22,Traditional (18-22),Female,Asian,27.6,3.9,3.0,3.26,3.8,4.18,3.42,3.45,3.84,4.59,3.57,3.63,3.68,,,3.47,3.61,4.03,80.7,77.0,79.8,0.779,9.7
S0134,University B,Computer Science,AI + Mindset,43,Non-traditional (>22),Female,White,20.4,5.0,2.58,3.79,4.46,5.62,1.91,3.88,5.05,5.17,3.05,4.27,5.07,3.53,4.37,4.83,4.39,4.77,73.5,71.2,66.7,0.941,9.8
S0135,University B,Biology,Control,20,Traditional (18-22),Female,Hispanic/Latino,24.6,4.8,2.82,3.52,4.26,4.69,2.98,3.8,4.48,3.65,3.35,3.68,4.05,,,3.79,4.21,3.69,70.9,72.7,79.5,0.71,10.5
S0136,University C,Mathematics,AI Only,19,Traditional (18-22),Male,Black/African American,21.3,3.45,3.85,3.7,4.21,3.86,3.39,4.05,4.79,4.71,2.69,4.38,4.28,4.44,4.0,3.86,4.07,4.18,76.7,78.1,77.9,0.796,9.9
S0137,University B,Computer Science,AI + Mindset,21,Traditional (18-22),Female,White,25.5,3.67,3.18,3.84,4.23,4.93,1.97,4.11,4.68,5.0,1.67,4.47,5.91,4.41,3.49,5.3,4.27,4.31,85.3,85.2,84.4,0.858,8.1
S0138,University B,Engineering,Control,28,Non-traditional (>22),Male,Black/African American,19.9,4.01,3.99,3.55,4.15,4.11,4.48,3.79,4.39,3.66,3.99,4.47,4.2,,,4.58,4.12,3.95,78.6,77.3,82.2,0.803,10.0
S0139,University A,Engineering,Mindset Only,18,Traditional (18-22),Female,Black/African American,24.7,4.58,3.44,3.74,4.47,5.5,3.04,4.01,4.92,4.89,2.53,5.15,4.64,,,5.25,4.17,4.66,81.4,76.8,87.0,0.828,8.2
S0140,University A,Computer Science,Mindset Only,42,Non-traditional (>22),Female,White,22.3,3.15,4.01,3.74,5.5,4.08,3.74,4.04,6.0,4.53,3.2,3.93,4.45,,,5.09,4.38,4.7,72.3,77.4,67.7,0.699,6.5
S0141,University B,Mathematics,Control,19,Traditional (18-22),Male,White,28.0,4.28,4.94,4.13,3.98,4.53,5.3,4.24,4.16,4.33,3.31,4.0,3.96,,,4.06,3.81,3.71,70.8,73.1,68.8,0.752,6.0
S0142,University A,Chemistry,AI Only,18,Traditional (18-22),Male,Other,23.8,3.99,3.66,3.8,3.87,4.81,3.1,4.09,3.8,5.34,2.24,4.07,3.97,5.93,4.34,3.75,3.83,3.94,85.1,89.0,89.8,0.836,11.0
S0143,University B,Mathematics,AI Only,22,Traditional (18-22),Male,White,18.4,4.13,3.06,3.87,4.72,4.88,2.24,4.24,4.87,4.93,2.36,4.18,4.25,4.7,3.92,3.5,3.73,3.69,70.9,70.9,71.6,0.824,8.0
S0144,University A,Chemistry,Mindset Only,22,Traditional (18-22),Female,Hispanic/Latino,20.7,3.62,3.18,4.07,3.93,3.74,3.21,4.7,4.61,4.74,3.43,5.16,4.88,,,4.88,3.39,3.4,70.7,68.8,77.9,0.838,12.3
S0145,University B,Biology,AI Only,29,Non-traditional (>22),Male,White,26.1,3.82,4.09,3.69,4.07,3.97,3.25,4.24,4.71,4.9,2.28,3.79,4.02,4.79,3.66,4.71,4.0,4.06,80.6,77.6,88.2,0.828,9.6
S0146,University A,Physics,AI Only,22,Traditional (18-22),Female,White,24.1,3.83,2.78,3.57,3.98,4.72,2.2,3.57,4.7,4.75,2.33,4.34,4.14,3.85,4.48,3.89,4.29,4.49,85.2,87.1,85.9,0.756,8.2
S0147,University A,Biology,AI + Mindset,26,Non-traditional (>22),Male,White,24.2,3.97,3.77,2.92,4.14,4.59,3.48,3.61,4.84,5.03,1.85,4.54,5.17,3.62,3.75,5.5,4.58,4.51,86.6,84.2,80.9,0.853,11.2
S0148,University B,Chemistry,Mindset Only,21,Traditional (18-22),Male,White,23.4,3.63,3.27,3.79,3.86,3.91,2.03,4.51,4.81,4.48,3.96,4.3,5.36,,,5.42,3.22,4.52,80.6,82.0,91.7,0.921,10.8
S0149,University C,Biology,AI + Mindset,21,Traditional (18-22),Male,Other,25.1,4.01,3.87,3.27,4.2,4.4,3.34,4.06,4.58,5.57,1.93,5.22,5.76,3.73,3.83,5.19,4.28,4.79,88.5,84.4,92.0,1.0,7.2
S0150,University B,Computer Science,Control,33,Non-traditional (>22),Male,White,24.8,3.57,4.16,3.85,4.25,3.52,4.13,4.26,4.56,4.12,3.58,3.54,4.52,,,4.29,3.84,3.28,78.4,81.5,81.2,0.931,6.7
S0151,University A,Physics,Control,26,Non-traditional (>22),Female,Hispanic/Latino,21.2,3.21,3.88,2.97,4.21,2.59,3.75,3.47,4.32,3.84,4.27,3.57,3.69,,,3.32,4.14,3.02,77.8,75.2,79.6,0.86,9.2
S0152,University A,Chemistry,AI + Mindset,36,Non-traditional (>22),Female,White,21.4,3.51,3.69,4.5,4.11,3.84,3.47,5.08,5.03,4.84,2.91,4.59,5.19,5.37,3.25,5.01,4.37,4.76,78.7,74.8,85.5,0.737,7.8
S0153,University B,Physics,Control,41,Non-traditional (>22),Male,Hispanic/Latino,18.3,3.57,3.15,3.42,4.21,3.68,3.24,3.49,4.72,3.75,3.12,3.74,4.25,,,3.77,4.06,3.55,71.8,73.0,76.9,0.807,9.6
S0154,University B,Chemistry,AI + Mindset,29,Non-traditional (>22),Male,White,22.7,3.47,3.45,3.7,3.73,4.01,2.71,4.07,4.14,5.19,2.91,4.33,4.91,5.62,4.48,4.55,4.33,4.37,82.6,87.0,83.2,0.877,8.6
S0155,University C,Mathematics,AI + Mindset,22,Traditional (18-22),Female,White,19.9,3.7,3.18,3.75,4.05,4.14,2.03,4.9,5.24,4.57,2.71,4.68,5.69,4.12,3.39,5.12,3.87,4.01,82.1,83.4,86.7,1.0,9.8
S0156,University A,Computer Science,Mindset Only,23,Non-traditional (>22),Male,White,24.7,4.08,3.65,3.36,3.85,4.86,3.17,4.19,4.16,4.26,2.76,4.18,4.8,,,4.61,4.16,4.4,77.3,77.3,83.6,0.959,8.0
S0157,University C,Biology,Mindset Only,37,Non-traditional (>22),Male,White,25.6,3.62,3.41,3.67,4.37,3.7,3.59,4.03,3.99,4.37,3.09,3.8,5.08,,,5.71,4.22,4.72,80.9,82.3,86.9,0.776,9.4
S0158,University B,Computer Science,AI Only,32,Non-traditional (>22),Male,Hispanic/Latino,19.0,4.37,2.65,4.86,4.56,4.68,2.09,5.27,4.9,4.35,3.17,4.09,4.11,5.7,4.12,3.81,3.4,4.44,76.9,77.5,79.0,0.901,4.7
S0159,University B,Chemistry,Control,31,Non-traditional (>22),Female,Hispanic/Latino,26.0,3.69,4.27,3.48,3.69,3.85,4.76,3.53,3.82,3.88,3.28,3.75,4.18,,,4.55,4.23,4.27,83.5,89.3,90.4,0.878,8.0
S0160,University A,Computer Science,Mindset Only,18,Traditional (18-22),Male,Hispanic/Latino,27.0,4.17,3.64,3.8,3.57,4.93,3.11,4.46,3.68,4.6,3.49,4.23,5.32,,,4.76,3.58,4.71,77.1,73.5,84.8,0.828,11.1
S0161,University A,Chemistry,AI + Mindset,29,Non-traditional (>22),Female,White,21.3,3.7,3.38,2.9,3.84,4.16,2.98,3.15,3.99,5.14,2.49,4.74,5.4,5.32,4.51,5.27,3.94,3.71,67.3,61.6,66.9,0.983,7.8
S0162,University A,Chemistry,Control,21,Traditional (18-22),Female,Asian,20.0,4.54,3.46,2.84,4.2,4.47,4.1,2.57,4.1,4.46,3.53,4.46,4.31,,,4.18,3.89,3.79,68.9,72.7,72.5,0.818,5.9
S0163,University A,Biology,Control,41,Non-traditional (>22),Male,Hispanic/Latino,23.1,3.55,3.05,4.41,4.21,3.58,3.1,4.83,3.9,3.78,3.27,3.43,4.29,,,4.52,4.2,4.47,83.2,82.1,84.6,0.737,7.0
S0164,University A,Computer Science,AI Only,43,Non-traditional (>22),Female,Other,26.7,4.06,3.59,3.29,4.02,4.97,3.14,3.35,4.29,4.98,3.78,3.44,4.16,3.44,5.1,3.68,3.34,4.39,76.2,75.6,79.6,0.786,8.0
S0165,University A,Engineering,Control,44,Non-traditional (>22),Male,Hispanic/Latino,23.5,3.76,3.88,3.8,4.65,3.44,3.52,3.71,4.59,4.61,3.5,3.63,3.97,,,4.21,3.81,3.68,70.2,69.1,82.7,1.0,8.1
S0166,University A,Physics,AI + Mindset,29,Non-traditional (>22),Male,White,25.7,4.14,3.05,4.18,3.64,5.08,2.55,4.61,4.4,4.84,2.21,4.77,5.04,4.84,3.89,4.36,4.08,4.31,80.9,82.4,88.2,0.973,9.3
S0167,University A,Chemistry,AI Only,19,Traditional (18-22),Female,White,23.4,3.57,4.05,3.73,4.01,3.94,3.52,4.02,4.34,4.9,2.69,4.23,4.75,5.12,4.56,3.63,3.33,3.77,88.6,89.8,93.1,1.0,9.4
S0168,University B,Mathematics,AI + Mindset,36,Non-traditional (>22),Female,Black/African American,25.1,3.8,4.07,3.92,4.71,4.46,2.99,4.0,4.77,4.38,2.16,4.34,5.11,5.66,3.95,5.38,4.07,3.88,88.0,90.0,94.7,1.0,11.0
S0169,University C,Physics,AI Only,32,Non-traditional (>22),Female,White,19.3,4.23,4.01,4.06,4.2,4.47,3.55,4.45,4.55,4.69,3.17,3.63,4.77,4.49,3.92,4.33,3.75,4.38,68.4,70.1,65.3,0.828,6.1
S0170,University C,Physics,AI Only,27,Non-traditional (>22),Female,Hispanic/Latino,24.6,3.93,3.75,3.68,4.32,4.09,3.3,4.02,4.51,4.71,2.76,3.81,4.13,3.38,4.36,3.86,4.6,4.05,77.7,78.9,76.0,0.811,7.1
S0171,University A,Computer Science,AI + Mindset,21,Traditional (18-22),Female,White,20.3,3.26,3.06,4.58,4.06,3.98,1.98,5.2,5.03,5.37,1.43,4.81,5.44,4.0,4.22,4.04,4.48,4.51,84.4,85.9,84.9,0.861,11.6
S0172,University A,Computer Science,Mindset Only,39,Non-traditional (>22),Male,Asian,25.3,4.34,3.94,3.41,4.17,4.49,3.34,3.86,4.39,4.37,3.16,4.48,4.77,,,4.91,4.5,4.04,73.6,75.6,71.3,0.983,6.1
S0173,University C,Biology,Control,27,Non-traditional (>22),Male,White,26.4,4.26,3.17,3.54,3.88,4.2,2.84,3.68,3.08,3.95,3.3,3.75,4.25,,,3.66,4.21,4.03,75.5,77.1,78.6,0.952,9.8
S0174,University C,Biology,Mindset Only,29,Non-traditional (>22),Male,Hispanic/Latino,18.1,3.36,3.01,4.13,4.08,3.62,2.28,4.73,3.86,4.47,2.77,4.65,4.95,,,4.37,3.69,4.78,67.8,65.8,71.5,0.739,8.5
S0175,University B,Chemistry,AI + Mindset,20,Traditional (18-22),Male,White,22.3,3.46,3.71,4.06,3.67,4.23,3.25,4.96,4.35,5.44,2.6,4.82,6.0,5.08,3.91,4.07,5.03,4.46,84.0,82.2,93.8,0.761,8.8
S0176,University B,Chemistry,Control,19,Traditional (18-22),Female,White,22.8,3.93,3.68,3.75,5.09,4.1,3.25,3.78,4.85,3.93,4.56,3.75,3.79,,,4.34,3.77,3.64,75.9,75.1,74.2,1.0,6.7
S0177,University A,Physics,Control,28,Non-traditional (>22),Male,Asian,22.9,4.01,3.03,3.77,4.06,4.06,2.42,3.89,4.37,3.57,3.28,4.31,4.34,,,3.47,3.53,4.22,81.6,81.0,86.2,0.895,7.4
S0178,University B,Physics,Mindset Only,40,Non-traditional (>22),Male,Hispanic/Latino,22.0,4.24,3.45,4.42,4.4,4.64,3.49,4.59,4.64,4.79,2.93,4.24,5.21,,,5.29,4.2,4.16,77.2,79.5,79.7,0.762,12.0
S0179,University B,Mathematics,AI Only,22,Traditional (18-22),Male,Hispanic/Latino,25.2,4.45,3.56,4.0,3.68,5.1,2.64,4.43,4.33,5.13,2.09,4.39,4.34,5.3,3.93,5.03,4.24,4.01,85.5,86.4,83.9,0.932,9.9
S0180,University A,Engineering,Control,37,Non-traditional (>22),Male,Black/African American,21.1,4.12,3.04,3.34,4.48,4.3,2.52,2.79,4.18,3.72,3.45,3.81,4.16,,,4.07,3.85,3.55,78.9,78.5,85.5,0.849,6.8
S0181,University C,Physics,AI Only,35,Non-traditional (>22),Male,Hispanic/Latino,22.5,4.08,3.9,4.83,4.7,4.53,3.34,4.97,4.47,4.96,2.81,3.92,4.64,4.77,4.31,3.88,3.86,3.72,76.3,78.3,74.3,0.824,9.5
S0182,University B,Mathematics,AI + Mindset,18,Traditional (18-22),Male,White,26.1,3.9,4.16,3.45,4.45,4.68,3.16,4.12,4.99,5.87,1.77,5.23,4.95,4.34,4.35,5.2,4.87,4.04,91.2,91.2,93.0,0.918,9.8
S0183,University A,Engineering,AI + Mindset,22,Traditional (18-22),Female,White,25.1,3.57,3.8,3.72,4.3,4.73,2.26,4.86,5.38,5.18,1.98,5.03,5.98,4.81,3.73,5.06,4.11,4.68,83.9,77.7,95.3,0.902,7.9
S0184,University C,Physics,AI + Mindset,22,Traditional (18-22),Female,White,22.7,3.99,3.57,3.59,5.43,5.26,2.14,4.38,6.0,5.3,1.61,4.79,5.11,3.61,4.3,5.28,4.9,5.01,81.2,78.2,77.9,0.903,7.3
S0185,University C,Biology,Mindset Only,34,Non-traditional (>22),Female,White,18.7,3.77,3.44,3.37,4.2,3.51,2.8,3.91,4.76,4.88,3.27,4.55,4.59,,,5.12,4.55,4.07,73.6,72.4,71.6,0.764,7.1
S0186,University C,Chemistry,AI + Mindset,18,Traditional (18-22),Female,White,25.3,4.52,4.33,3.92,4.43,5.81,3.57,4.49,5.09,5.69,2.0,4.62,5.58,4.36,4.88,3.7,5.11,4.91,79.4,80.1,76.3,0.852,10.6
S0187,University A,Engineering,AI Only,31,Non-traditional (>22),Male,Black/African American,24.4,4.23,4.15,4.23,4.33,5.03,3.79,4.2,4.48,4.61,3.07,4.03,4.49,4.33,5.2,4.53,3.72,4.6,83.7,80.7,77.3,0.808,9.0
S0188,University B,Physics,Mindset Only,36,Non-traditional (>22),Female,White,24.9,4.05,3.69,2.91,3.72,4.55,3.62,3.2,4.27,4.1,2.35,3.92,4.43,,,6.0,3.34,4.54,71.4,76.3,72.5,0.845,8.0
S0189,University B,Physics,Mindset Only,18,Traditional (18-22),Male,Hispanic/Latino,19.0,4.14,3.61,3.51,4.32,4.84,3.9,4.16,5.04,4.39,2.68,4.59,5.09,,,4.66,4.92,4.59,71.4,70.7,77.6,0.754,9.5
S0190,University A,Mathematics,Mindset Only,35,Non-traditional (>22),Male,Hispanic/Latino,20.5,4.0,3.6,4.1,4.37,3.87,3.53,5.03,4.94,3.99,3.47,4.52,5.2,,,5.06,4.28,4.27,77.1,82.1,83.3,0.965,8.8
S0191,University B,Biology,AI Only,18,Traditional (18-22),Male,Hispanic/Latino,25.0,3.87,3.87,3.85,3.41,4.73,3.07,3.76,3.49,4.42,2.15,3.71,4.69,4.49,4.34,4.15,4.14,3.97,81.2,75.5,78.2,0.88,9.1
S0192,University A,Biology,Mindset Only,42,Non-traditional (>22),Female,White,23.2,4.59,3.0,3.85,4.23,4.51,3.19,4.89,4.61,4.46,3.22,4.37,5.15,,,4.45,3.62,4.95,77.2,78.7,79.5,0.8,4.6
S0193,University C,Engineering,Mindset Only,32,Non-traditional (>22),Female,Other,25.6,4.56,3.38,4.62,4.46,5.0,3.73,5.45,4.92,4.36,3.02,4.65,4.57,,,4.77,3.48,4.14,87.0,89.4,94.5,0.793,5.7
S0194,University A,Biology,Control,43,Non-traditional (>22),Male,White,22.1,3.67,3.79,4.07,4.07,3.71,4.0,4.19,4.08,3.9,3.13,3.6,4.38,,,3.72,4.15,3.85,76.6,80.9,80.9,0.819,7.3
S0195,University C,Mathematics,AI + Mindset,28,Non-traditional (>22),Female,Black/African American,22.0,4.33,4.23,3.82,4.38,4.98,2.77,3.96,5.14,4.85,2.29,4.51,4.75,4.3,4.2,4.29,3.95,4.59,86.6,89.1,91.9,0.87,5.2
S0196,University A,Computer Science,Control,21,Traditional (18-22),Female,White,16.9,4.81,3.72,3.37,4.14,4.64,3.72,3.61,4.33,4.1,3.18,4.17,3.96,,,3.63,3.51,4.5,73.2,74.0,75.2,0.931,4.0
S0197,University C,Physics,Control,25,Non-traditional (>22),Male,White,27.7,3.32,4.11,3.84,4.76,3.53,4.14,4.07,4.64,3.9,3.61,3.75,4.5,,,4.02,2.97,3.87,72.1,69.7,77.3,0.774,9.0
S0198,University A,Engineering,Control,34,Non-traditional (>22),Female,Black/African American,22.8,4.53,3.46,3.5,3.62,4.72,4.14,3.23,3.78,3.94,3.27,3.68,4.68,,,3.99,3.57,4.34,76.7,72.5,76.5,0.876,4.7
S0199,University B,Mathematics,Control,24,Non-traditional (>22),Female,White,19.8,3.35,4.51,4.3,3.89,3.43,4.68,4.66,3.64,3.56,3.17,3.46,4.08,,,4.65,4.94,3.62,72.7,75.9,72.5,0.736,9.2
S0200,University A,Engineering,AI Only,21,Traditional (18-22),Female,Hispanic/Latino,19.4,3.27,3.06,4.34,3.58,4.28,2.85,4.54,3.6,4.65,2.68,4.45,4.73,4.31,4.13,2.93,3.56,4.12,84.7,87.2,83.6,0.82,8.9
S0201,University A,Engineering,Mindset Only,38,Non-traditional (>22),Male,White,21.5,3.93,4.19,3.41,4.02,4.36,4.03,3.79,4.11,4.18,3.94,3.93,4.76,,,3.89,4.39,4.76,82.3,82.1,88.9,0.743,7.3
S0202,University A,Biology,AI Only,28,Non-traditional (>22),Male,White,20.2,4.02,3.56,3.58,4.03,4.52,2.71,3.85,4.63,5.31,3.44,4.84,4.57,3.96,4.9,3.76,3.26,4.77,78.2,71.8,74.1,0.914,11.1
S0203,University A,Biology,Mindset Only,22,Traditional (18-22),Male,White,21.8,3.8,4.29,3.3,3.75,3.84,3.98,3.94,4.55,4.32,2.94,4.19,5.57,,,4.51,4.07,3.99,79.0,86.7,72.0,0.911,7.3
S0204,University C,Chemistry,AI + Mindset,40,Non-traditional (>22),Male,White,28.6,4.35,2.46,3.87,4.0,5.19,1.0,4.41,4.47,4.7,2.36,4.24,5.37,5.77,4.68,4.92,4.99,4.36,90.2,93.6,98.4,0.821,7.8
S0205,University C,Engineering,Control,32,Non-traditional (>22),Male,Hispanic/Latino,20.8,3.66,3.5,3.19,4.66,3.6,3.95,3.03,4.5,4.09,3.02,3.68,4.36,,,3.81,3.11,3.87,65.5,63.2,71.0,0.765,8.3
S0206,University C,Computer Science,AI + Mindset,19,Traditional (18-22),Male,Hispanic/Latino,18.3,4.17,4.16,4.06,3.93,5.41,3.56,4.59,4.96,5.14,1.92,5.06,5.45,6.25,4.62,4.48,4.65,5.27,79.3,78.6,82.1,0.911,11.2
S0207,University C,Computer Science,Mindset Only,21,Traditional (18-22),Male,Asian,25.7,3.75,3.36,3.39,4.12,4.1,3.34,4.22,4.47,4.63,3.7,4.31,5.45,,,4.64,4.37,4.96,76.5,70.6,78.4,0.878,8.6
S0208,University A,Chemistry,Mindset Only,20,Traditional (18-22),Female,Hispanic/Latino,27.7,4.18,3.54,3.81,3.25,4.76,3.31,4.45,3.61,4.55,3.01,4.5,5.49,,,5.84,4.49,3.84,80.6,79.5,81.0,0.949,7.8
S0209,University B,Computer Science,Mindset Only,42,Non-traditional (>22),Male,Black/African American,16.2,3.91,3.43,3.85,4.49,4.34,3.34,4.55,4.42,3.99,2.99,4.61,4.52,,,4.43,3.92,4.57,78.3,79.8,82.8,0.761,5.3
S0210,University C,Biology,AI Only,41,Non-traditional (>22),Male,Hispanic/Latino,23.2,3.93,3.86,4.38,3.96,4.55,3.15,5.2,3.98,4.57,2.92,3.86,4.77,4.99,3.84,3.74,4.32,4.44,76.1,78.0,78.7,1.0,8.6
S0211,University B,Physics,Control,18,Traditional (18-22),Female,Black/African American,22.9,4.44,3.85,3.91,3.8,4.43,3.63,3.81,3.69,3.99,3.25,4.02,4.21,,,3.33,3.91,4.86,69.8,66.8,63.9,0.781,7.9
S0212,University B,Mathematics,Control,24,Non-traditional (>22),Male,White,20.9,4.15,4.06,3.1,4.36,4.07,4.11,3.24,4.31,4.36,4.12,3.63,4.12,,,4.11,3.39,3.95,80.1,79.8,81.3,0.943,9.3
S0213,University B,Chemistry,AI + Mindset,35,Non-traditional (>22),Male,White,23.0,3.97,3.59,4.6,4.02,4.53,2.46,5.26,4.67,4.65,2.37,4.89,4.85,4.08,3.61,4.9,4.26,4.72,82.3,86.7,88.7,0.9,7.8
S0214,University A,Physics,Mindset Only,22,Traditional (18-22),Male,White,18.4,3.84,4.3,4.03,4.91,3.83,4.44,4.83,4.98,4.5,3.24,4.66,5.56,,,5.24,4.16,4.45,82.9,82.0,84.4,0.744,8.2
S0215,University B,Mathematics,Mindset Only,39,Non-traditional (>22),Male,Hispanic/Latino,21.6,4.13,3.4,3.92,4.02,4.59,3.45,4.16,4.56,3.8,2.15,3.77,4.75,,,5.25,4.31,4.23,76.7,76.1,72.6,0.927,6.4
S0216,University A,Chemistry,AI Only,22,Traditional (18-22),Female,White,22.2,3.85,3.81,3.67,4.14,4.42,2.93,3.94,3.75,4.61,2.43,4.63,5.16,4.52,3.93,4.43,4.65,4.14,71.9,73.5,83.3,0.796,8.4
S0217,University A,Computer Science,AI + Mindset,20,Traditional (18-22),Female,Hispanic/Latino,25.1,3.42,3.19,4.2,3.98,3.77,1.89,4.83,4.82,4.97,1.74,4.72,5.89,5.09,4.52,4.9,4.28,5.06,99.0,98.8,98.6,0.997,10.1
S0218,University C,Physics,Control,27,Non-traditional (>22),Male,Hispanic/Latino,20.7,4.08,3.49,3.41,4.18,3.71,4.05,3.0,4.12,4.01,2.91,3.27,4.31,,,4.43,3.91,4.31,73.0,69.9,77.3,0.818,6.8
S0219,University B,Engineering,AI + Mindset,19,Traditional (18-22),Female,White,23.6,4.12,2.85,3.98,4.06,5.0,2.19,4.33,4.64,5.42,2.02,4.51,6.0,5.19,3.78,4.75,5.28,3.76,88.3,89.7,98.7,0.879,10.5
S0220,University A,Physics,Control,39,Non-traditional (>22),Female,Hispanic/Latino,20.1,3.64,2.93,4.44,4.45,3.4,2.98,4.4,4.16,3.71,3.71,4.1,4.51,,,3.15,3.48,3.74,75.5,75.6,78.2,1.0,6.7
S0221,University B,Biology,AI + Mindset,19,Traditional (18-22),Female,White,21.5,4.31,3.8,3.35,4.63,4.87,3.01,4.21,4.43,5.79,1.35,5.24,5.91,5.56,5.23,3.83,4.14,3.69,86.6,87.8,99.0,0.717,9.0
S0222,University A,Mathematics,AI + Mindset,30,Non-traditional (>22),Male,White,26.4,4.26,3.2,3.59,4.71,4.75,2.61,4.43,5.16,4.56,2.36,4.32,5.2,6.21,4.37,5.05,4.13,4.53,82.6,87.1,86.9,0.909,7.5
S0223,University A,Biology,Mindset Only,21,Traditional (18-22),Female,White,23.7,3.57,4.01,3.3,3.77,3.95,3.6,4.04,4.48,4.92,3.45,4.69,5.26,,,4.91,4.15,4.56,80.5,80.9,77.9,0.868,8.4
S0224,University B,Engineering,AI + Mindset,40,Non-traditional (>22),Female,Hispanic/Latino,22.5,4.0,3.94,3.53,4.48,4.26,3.52,3.91,4.62,5.1,1.93,4.93,5.08,4.93,4.44,4.72,4.95,4.47,80.1,80.8,81.9,0.742,4.3
S0225,University C,Physics,Control,19,Traditional (18-22),Male,White,24.8,4.0,2.73,4.0,4.53,3.82,3.19,3.5,4.09,3.53,4.0,4.47,3.8,,,4.27,4.24,4.05,81.1,81.5,83.2,0.811,10.2
S0226,University A,Biology,AI + Mindset,35,Non-traditional (>22),Male,Hispanic/Latino,21.5,3.81,3.97,3.43,4.79,4.65,3.06,3.42,6.0,5.08,1.87,4.17,5.46,3.77,4.7,5.39,4.26,5.09,84.8,84.2,83.8,0.99,10.9
S0227,University B,Biology,Control,18,Traditional (18-22),Female,Hispanic/Latino,19.3,3.89,3.82,3.39,4.42,3.44,4.28,3.19,4.12,4.23,3.88,3.43,4.29,,,4.55,3.82,3.63,77.5,73.2,77.2,0.705,7.2
S0228,University B,Biology,AI Only,19,Traditional (18-22),Male,Hispanic/Latino,25.5,3.76,3.85,4.31,4.18,4.02,3.63,4.81,4.79,5.02,2.04,4.29,4.39,4.73,3.61,3.71,4.22,4.17,82.4,83.2,82.3,0.913,9.4
S0229,University B,Biology,AI Only,41,Non-traditional (>22),Male,Black/African American,27.4,5.06,3.8,3.82,4.49,5.33,4.32,4.07,4.55,4.95,2.63,4.38,4.54,4.77,4.71,4.29,3.46,4.27,86.0,83.5,92.4,0.953,8.1
S0230,University C,Computer Science,AI Only,27,Non-traditional (>22),Male,Black/African American,22.1,3.74,2.65,3.61,3.95,4.16,2.4,3.56,4.21,4.66,2.58,4.41,4.63,4.62,4.06,4.06,4.02,3.95,81.4,78.6,82.9,0.821,10.1
S0231,University C,Mathematics,Control,31,Non-traditional (>22),Female,Hispanic/Latino,20.7,4.2,3.14,3.66,3.45,3.85,3.28,3.4,3.77,4.07,3.75,3.47,4.25,,,3.23,3.72,3.76,78.5,75.7,82.3,0.8,9.1
S0232,University A,Computer Science,Control,29,Non-traditional (>22),Male,Hispanic/Latino,22.7,4.73,3.0,4.13,3.73,4.35,3.01,4.14,2.88,3.57,3.83,3.55,4.12,,,5.1,3.75,3.53,79.4,82.9,72.9,0.852,11.1
S0233,University A,Engineering,AI Only,34,Non-traditional (>22),Male,White,25.0,3.82,3.8,4.52,3.67,3.35,2.85,5.05,3.27,4.4,2.69,4.54,4.07,4.55,3.37,4.03,4.3,4.38,76.2,80.7,83.1,0.869,6.9
S0234,University A,Biology,AI Only,38,Non-traditional (>22),Male,Asian,23.5,4.35,3.98,3.68,3.51,5.32,3.53,3.65,3.78,4.53,2.25,4.22,4.36,4.03,5.0,3.46,3.79,4.58,87.9,91.4,89.8,0.991,11.5
S0235,University C,Biology,AI Only,19,Traditional (18-22),Male,Hispanic/Latino,21.4,4.29,3.9,4.21,3.56,4.43,3.12,4.09,3.24,5.39,1.96,4.14,4.65,4.91,3.4,4.88,4.12,4.47,71.8,70.7,74.8,1.0,8.8
S0236,University B,Physics,Control,20,Traditional (18-22),Male,White,22.4,4.39,3.14,3.45,4.02,4.77,3.56,3.44,4.32,4.14,3.82,3.29,4.18,,,3.47,3.56,4.32,74.3,67.2,79.4,0.758,11.5
S0237,University C,Chemistry,AI + Mindset,18,Traditional (18-22),Female,White,21.7,3.53,3.8,4.05,4.64,4.09,2.67,4.84,5.29,5.3,1.91,4.84,5.43,4.78,3.9,5.12,4.56,4.38,86.5,88.2,90.5,0.923,12.1
S0238,University A,Computer Science,Control,18,Traditional (18-22),Male,Black/African American,23.6,3.59,3.34,3.22,4.47,3.79,3.91,3.15,4.6,4.24,3.86,3.52,4.39,,,3.83,3.55,3.83,74.4,77.3,73.4,0.776,6.5
S0239,University B,Chemistry,AI + Mindset,22,Traditional (18-22),Female,Hispanic/Latino,24.2,3.35,3.1,3.55,4.54,3.95,2.43,4.03,4.97,5.4,1.78,5.05,5.8,4.96,2.97,4.02,5.07,4.6,82.0,78.5,93.0,0.806,10.1
S0240,University B,Chemistry,Control,18,Traditional (18-22),Female,White,21.7,3.3,3.25,4.5,4.34,3.11,3.35,4.7,4.14,4.21,3.47,4.03,4.39,,,3.8,3.83,3.69,76.4,80.1,80.4,0.766,9.8
S0241,University A,Physics,AI Only,18,Traditional (18-22),Male,Asian,21.1,4.1,4.37,4.29,3.95,4.82,3.84,5.02,3.42,4.74,2.58,4.08,4.5,4.82,3.33,3.35,3.89,3.81,77.9,81.3,78.8,0.799,6.7
S0242,University A,Engineering,AI + Mindset,42,Non-traditional (>22),Male,White,23.1,4.3,2.53,3.8,3.56,4.68,1.54,4.52,4.13,4.81,2.41,4.73,5.46,3.8,4.62,4.39,4.15,4.54,82.7,78.8,88.2,0.758,9.4
S0243,University B,Mathematics,Control,27,Non-traditional (>22),Male,Hispanic/Latino,25.2,3.82,3.45,4.51,4.38,3.72,3.18,4.34,4.75,3.54,3.17,4.29,4.13,,,4.16,3.66,4.54,79.7,82.0,77.1,0.871,8.3
S0244,University B,Chemistry,Mindset Only,18,Traditional (18-22),Female,Black/African American,21.0,4.73,3.76,3.6,4.17,5.52,3.85,3.69,4.46,3.9,2.88,4.49,5.12,,,5.17,4.68,4.22,78.7,76.4,79.0,0.814,8.4
S0245,University A,Engineering,Control,35,Non-traditional (>22),Male,White,19.6,3.77,3.31,3.74,4.06,3.68,3.18,3.12,4.36,3.5,3.76,3.76,4.65,,,4.31,4.05,3.99,78.1,86.7,81.3,0.768,6.2
S0246,University B,Physics,AI Only,37,Non-traditional (>22),Female,Other,19.2,3.49,3.33,4.48,3.78,4.3,2.78,4.7,4.31,4.72,2.0,3.9,4.34,4.43,4.79,3.62,3.97,4.12,82.9,81.5,87.5,0.945,7.5
S0247,University C,Chemistry,AI + Mindset,34,Non-traditional (>22),Male,White,27.1,3.53,3.7,4.14,4.44,4.0,3.19,4.7,5.17,4.46,2.27,5.33,5.07,4.12,4.42,4.82,3.94,4.48,86.3,85.9,92.0,0.999,8.5
S0248,University A,Chemistry,Control,44,Non-traditional (>22),Female,White,14.1,4.48,2.72,4.43,4.5,4.36,2.97,4.55,4.17,3.84,3.3,3.53,3.66,,,3.95,3.84,4.15,76.7,76.7,74.8,0.908,6.7
S0249,University B,Engineering,AI + Mindset,36,Non-traditional (>22),Male,Black/African American,20.7,4.25,3.69,3.74,3.84,5.3,3.04,4.08,4.67,4.65,1.84,4.38,4.93,5.45,5.14,5.29,4.83,4.06,82.7,82.5,88.6,0.84,10.8
S0250,University B,Physics,Control,19,Traditional (18-22),Female,White,18.7,4.02,3.96,3.97,4.18,3.51,3.63,4.03,3.94,3.85,3.26,3.27,4.72,,,5.1,4.21,4.1,74.6,75.2,79.3,0.926,5.5
S0251,University A,Engineering,Control,43,Non-traditional (>22),Female,White,18.7,3.8,2.35,4.1,4.3,4.22,2.19,4.37,3.97,4.1,3.37,4.01,4.35,,,4.45,4.38,4.14,64.4,56.3,66.0,0.773,4.8
S0252,University A,Engineering,Control,36,Non-traditional (>22),Male,White,23.5,3.97,3.69,3.42,4.39,3.93,3.78,3.4,4.3,4.2,3.93,3.9,3.99,,,4.09,3.72,3.41,74.1,75.5,74.5,0.72,4.2
S0253,University B,Engineering,Control,43,Non-traditional (>22),Female,Hispanic/Latino,19.8,4.04,3.53,3.41,3.71,3.71,3.45,4.05,4.02,3.67,3.1,3.79,3.67,,,3.85,3.56,4.05,73.3,73.9,77.5,0.926,9.2
S0254,University B,Biology,AI Only,25,Non-traditional (>22),Male,White,22.8,4.01,4.23,3.68,4.63,4.83,4.37,3.96,4.18,5.0,2.72,3.45,4.02,3.99,3.99,4.43,4.29,4.63,84.2,85.6,90.4,0.871,12.4
S0255,University A,Mathematics,AI Only,22,Traditional (18-22),Female,Black/African American,23.6,3.85,3.69,3.92,4.5,4.41,3.46,4.45,4.74,4.75,1.73,3.81,4.42,5.49,4.44,3.24,3.82,4.51,82.5,82.2,88.2,0.815,5.7
S0256,University A,Biology,Control,19,Traditional (18-22),Female,White,23.4,4.25,2.55,3.95,4.38,4.05,3.21,4.28,4.32,3.86,3.15,3.69,4.29,,,4.04,4.82,4.01,72.9,71.1,81.5,0.842,8.0
S0257,University B,Computer Science,AI Only,19,Traditional (18-22),Female,Hispanic/Latino,24.5,4.45,4.1,3.15,3.92,5.18,3.67,4.11,3.86,4.85,2.42,3.88,4.1,4.35,4.55,4.13,3.46,3.41,80.0,83.5,83.5,0.734,7.4
S0258,University B,Mathematics,AI Only,34,Non-traditional (>22),Female,White,20.7,4.25,3.74,3.39,4.23,4.18,3.1,3.6,4.37,4.34,2.78,3.83,3.63,4.92,4.19,3.9,3.96,4.57,70.4,66.5,68.0,0.859,9.2
S0259,University B,Computer Science,Mindset Only,23,Non-traditional (>22),Male,White,25.0,5.01,3.0,3.35,3.9,5.26,2.12,3.69,4.79,4.14,4.16,4.49,4.87,,,4.39,4.92,5.04,86.8,87.3,87.7,0.836,11.0
S0260,University A,Chemistry,Control,23,Non-traditional (>22),Female,Black/African American,19.3,3.9,3.52,4.36,3.09,3.59,3.45,4.06,2.85,4.45,3.95,3.99,3.86,,,4.31,4.21,4.09,76.3,74.8,74.5,0.792,10.9
S0261,University C,Engineering,AI Only,44,Non-traditional (>22),Male,White,22.3,4.23,3.8,3.69,3.81,4.45,3.08,4.0,3.46,4.8,2.35,3.93,4.32,4.71,5.22,3.55,3.9,4.02,77.1,78.9,78.6,0.915,6.8
S0262,University B,Chemistry,Control,22,Traditional (18-22),Male,White,18.9,4.52,1.65,3.83,4.39,4.34,1.0,3.8,4.44,3.9,3.19,3.8,4.36,,,3.25,4.08,3.73,79.0,75.6,77.7,0.939,8.6
S0263,University A,Biology,AI Only,21,Traditional (18-22),Male,Black/African American,23.3,3.41,3.17,3.4,3.5,4.02,3.24,4.49,3.74,5.28,1.68,4.55,4.45,3.65,4.79,4.1,4.35,4.01,72.3,75.6,75.2,0.882,7.0
S0264,University B,Mathematics,Control,22,Traditional (18-22),Male,Hispanic/Latino,22.7,4.11,3.14,4.48,4.98,4.36,3.4,4.41,5.09,4.04,3.22,3.83,4.91,,,3.31,3.7,4.08,74.6,72.1,72.1,0.73,8.8
S0265,University B,Engineering,Mindset Only,37,Non-traditional (>22),Male,White,23.5,4.03,4.77,2.99,4.33,4.13,4.2,3.32,4.68,4.28,2.71,4.25,4.7,,,4.69,3.73,4.17,71.4,74.6,73.7,0.784,8.3
S0266,University A,Biology,Control,27,Non-traditional (>22),Female,White,20.2,3.88,4.31,3.57,4.13,3.82,4.46,3.44,4.19,4.01,4.37,4.13,4.29,,,3.71,3.56,3.82,76.2,74.9,83.4,0.799,10.1
S0267,University C,Engineering,Control,24,Non-traditional (>22),Female,White,23.2,3.82,3.84,2.69,4.64,3.83,3.73,2.98,5.16,4.23,3.95,3.39,4.3,,,3.93,3.58,3.33,65.5,66.9,73.9,0.697,8.4
S0268,University B,Biology,Mindset Only,38,Non-traditional (>22),Male,White,24.1,4.36,2.0,4.16,4.75,4.93,2.63,4.79,4.98,5.07,2.83,4.8,4.57,,,5.02,4.72,5.26,80.5,84.3,80.2,0.873,10.2
S0269,University C,Engineering,Control,39,Non-traditional (>22),Female,Hispanic/Latino,20.9,3.23,3.43,2.85,4.34,2.93,3.49,3.25,4.06,3.96,3.54,3.71,4.39,,,3.58,4.17,3.93,73.9,77.1,74.2,0.987,7.2
S0270,University A,Engineering,Mindset Only,21,Traditional (18-22),Female,White,21.7,3.93,3.8,3.84,4.04,4.44,3.25,4.16,4.46,4.61,3.27,4.7,5.55,,,3.96,4.44,4.54,74.5,78.6,63.6,0.88,8.0
S0271,University C,Chemistry,Control,18,Traditional (18-22),Female,Hispanic/Latino,24.5,3.88,2.98,3.32,5.0,3.88,2.67,3.36,5.56,3.67,2.69,3.69,3.97,,,3.68,4.32,3.82,72.0,70.8,76.7,0.936,3.9
S0272,University B,Biology,Mindset Only,40,Non-traditional (>22),Male,Black/African American,28.7,3.77,4.54,3.63,4.11,4.27,4.32,4.11,4.96,5.15,3.88,3.77,4.71,,,4.43,4.97,4.52,79.6,81.8,82.1,0.998,10.2
S0273,University A,Chemistry,Mindset Only,27,Non-traditional (>22),Female,White,22.9,4.19,2.93,3.99,4.64,4.76,2.22,4.13,4.71,4.96,2.89,4.36,4.98,,,3.9,4.17,3.43,71.9,72.9,67.7,0.751,6.4
S0274,University C,Mathematics,Control,18,Traditional (18-22),Female,White,22.1,4.01,2.54,3.21,4.33,3.78,2.96,3.5,4.55,3.74,3.24,4.01,4.01,,,5.23,4.69,4.1,77.4,82.9,79.1,0.909,7.1
S0275,University A,Biology,AI Only,20,Traditional (18-22),Female,White,22.2,3.38,3.1,3.72,4.72,5.02,2.55,3.52,4.83,5.47,2.22,3.71,4.79,5.07,5.3,3.58,4.0,4.15,87.5,85.2,92.4,0.918,7.2
S0276,University B,Chemistry,Mindset Only,36,Non-traditional (>22),Male,Hispanic/Latino,24.0,4.15,3.81,3.57,3.92,4.77,3.95,3.68,3.74,4.48,2.49,4.26,5.19,,,5.51,4.14,4.36,77.3,75.1,81.4,0.804,8.9
S0277,University B,Engineering,Mindset Only,18,Traditional (18-22),Female,Hispanic/Latino,23.7,4.49,4.3,4.7,3.97,5.59,3.58,5.78,4.35,4.64,3.03,4.93,5.29,,,4.39,3.83,4.34,78.9,78.7,81.0,0.792,8.6
S0278,University B,Engineering,Mindset Only,18,Traditional (18-22),Male,White,21.6,4.27,3.64,4.16,3.69,4.55,3.1,4.33,4.44,4.86,2.19,5.08,4.78,,,5.55,4.54,3.86,86.7,89.5,87.3,1.0,7.6
S0279,University C,Computer Science,Control,31,Non-traditional (>22),Male,Hispanic/Latino,23.4,4.09,3.4,3.88,4.99,4.0,3.88,3.7,4.72,4.27,3.84,3.7,4.36,,,4.7,4.06,4.43,76.9,86.7,81.0,0.901,9.4
S0280,University A,Physics,Mindset Only,29,Non-traditional (>22),Male,White,23.2,4.03,3.11,4.37,3.84,3.36,3.13,4.18,3.97,4.59,2.28,4.28,4.33,,,4.88,3.69,4.28,72.2,70.6,68.5,0.802,4.9
S0281,University B,Computer Science,Control,19,Traditional (18-22),Male,White,25.4,4.23,3.44,3.51,4.58,4.16,3.91,3.63,4.7,3.49,3.82,3.81,4.86,,,4.52,3.52,3.77,76.0,77.8,74.3,0.771,6.0
S0282,University A,Computer Science,Mindset Only,31,Non-traditional (>22),Female,White,21.9,4.24,2.51,3.46,4.29,4.32,2.1,4.07,4.48,4.08,3.25,4.48,4.7,,,4.31,3.79,4.66,80.2,86.1,75.1,0.689,10.3
S0283,University A,Engineering,Control,21,Traditional (18-22),Female,White,22.7,4.1,3.9,3.69,3.89,3.92,3.9,3.38,3.74,3.91,3.36,3.61,4.57,,,4.86,3.95,4.4,72.2,70.7,82.7,0.62,7.4
S0284,University A,Biology,Control,27,Non-traditional (>22),Male,White,23.8,3.49,3.05,3.52,4.17,2.98,2.7,3.1,4.29,3.87,3.18,3.64,4.38,,,3.72,4.55,4.5,75.5,75.4,75.6,0.766,7.2
S0285,University B,Mathematics,Control,19,Traditional (18-22),Male,Hispanic/Latino,25.1,4.17,3.4,4.09,3.68,4.19,2.69,4.2,3.76,3.85,2.98,3.14,3.9,,,4.59,3.82,3.31,74.4,75.3,81.1,0.91,5.5
S0286,University A,Engineering,Control,19,Traditional (18-22),Male,White,20.1,3.95,2.0,4.09,4.48,4.3,1.4,4.0,4.77,3.86,3.23,3.29,3.9,,,3.22,4.33,3.92,74.5,77.5,82.4,0.857,7.8
S0287,University B,Biology,AI + Mindset,22,Traditional (18-22),Female,White,23.6,3.37,2.97,4.2,4.3,4.2,1.83,5.06,4.84,5.49,1.6,5.18,5.29,5.61,3.87,4.61,4.48,4.55,87.2,88.1,86.3,0.815,7.9
S0288,University B,Physics,Mindset Only,22,Traditional (18-22),Male,Hispanic/Latino,20.1,3.38,3.82,3.84,4.41,3.4,3.63,4.73,4.73,4.41,2.66,4.49,4.96,,,5.54,3.97,4.97,60.3,57.6,65.1,0.728,6.1
S0289,University A,Mathematics,Mindset Only,21,Traditional (18-22),Male,White,21.6,3.65,2.74,2.98,3.73,3.94,2.92,3.03,4.39,3.98,3.11,5.03,4.63,,,5.15,3.95,4.12,79.2,79.9,87.9,0.908,9.7
S0290,University A,Computer Science,Mindset Only,44,Non-traditional (>22),Female,Asian,19.5,4.0,3.11,3.59,4.58,4.47,3.64,3.83,4.77,4.27,3.43,4.33,4.38,,,5.63,4.46,4.59,83.1,84.3,82.8,0.832,8.4
S0291,University B,Physics,Mindset Only,30,Non-traditional (>22),Female,Hispanic/Latino,24.7,4.46,4.19,3.26,4.7,4.82,4.57,3.76,5.13,3.71,3.69,4.38,4.47,,,4.71,3.49,4.04,70.9,74.7,76.3,0.924,6.6
S0292,University C,Engineering,Control,22,Traditional (18-22),Male,Black/African American,23.3,3.72,3.36,3.83,4.39,4.16,3.36,3.67,4.6,3.73,3.42,3.61,4.17,,,3.73,3.14,3.97,79.0,80.2,80.2,0.901,7.6
S0293,University A,Mathematics,Control,26,Non-traditional (>22),Female,Hispanic/Latino,23.0,4.0,3.29,4.15,3.68,4.21,3.45,4.21,3.67,4.02,3.4,3.66,4.3,,,4.38,3.98,3.87,74.1,68.4,81.6,0.914,6.0
S0294,University C,Mathematics,AI + Mindset,34,Non-traditional (>22),Other,Black/African American,24.1,4.2,2.45,3.71,4.07,4.45,2.19,3.59,4.85,5.13,2.67,4.66,4.86,5.31,4.56,4.42,4.56,3.97,87.8,91.7,88.9,0.882,11.2
S0295,University B,Biology,Mindset Only,20,Traditional (18-22),Male,Hispanic/Latino,22.4,4.06,3.3,3.85,4.26,4.25,2.65,4.22,4.91,5.12,3.68,4.06,5.33,,,5.28,4.79,4.33,80.9,82.7,86.3,0.828,9.2
S0296,University C,Physics,AI Only,21,Traditional (18-22),Male,Asian,24.5,3.86,3.47,3.62,4.46,4.31,3.46,4.35,4.41,5.15,2.31,4.35,4.31,4.56,4.06,3.85,4.28,4.46,80.1,80.3,79.5,0.839,12.5
S0297,University A,Computer Science,Control,22,Traditional (18-22),Female,White,22.5,3.25,3.2,4.14,4.45,3.45,3.49,4.55,4.22,3.67,3.52,4.03,4.55,,,4.61,4.0,4.11,87.6,84.0,91.1,0.804,6.7
S0298,University A,Physics,AI Only,21,Traditional (18-22),Female,Hispanic/Latino,22.7,4.47,3.58,3.49,4.19,5.25,3.11,3.55,3.93,4.75,3.19,4.32,4.72,3.72,3.61,3.91,3.93,4.18,81.5,80.3,87.9,0.938,9.5
S0299,University A,Physics,Control,33,Non-traditional (>22),Female,Hispanic/Latino,24.6,4.06,3.83,3.38,4.59,3.65,3.97,3.39,4.06,3.39,3.69,3.78,4.63,,,4.25,4.04,4.19,82.4,82.6,85.5,0.82,6.7
S0300,University A,Physics,Control,22,Traditional (18-22),Female,Hispanic/Latino,15.3,3.53,3.57,4.41,3.75,3.27,3.61,4.27,3.58,4.27,3.46,4.01,3.45,,,4.83,4.1,4.56,75.0,73.8,82.3,0.939,8.1
S0301,University B,Chemistry,Mindset Only,20,Traditional (18-22),Female,White,22.7,3.76,3.58,3.92,3.89,3.79,2.76,4.55,4.46,4.53,3.4,4.87,5.08,,,4.92,3.63,4.25,80.7,80.4,84.6,0.795,6.4
S0302,University B,Mathematics,AI Only,20,Traditional (18-22),Male,Hispanic/Latino,25.4,3.86,3.66,4.03,4.68,4.43,3.67,4.59,4.69,4.68,2.22,4.26,5.13,4.37,4.31,5.04,4.13,4.04,93.6,100.0,96.9,0.839,13.2
S0303,University C,Mathematics,AI Only,42,Non-traditional (>22),Male,White,22.2,4.08,4.12,3.59,5.14,4.69,3.61,3.72,4.98,4.57,2.46,3.84,4.01,4.86,4.1,4.02,3.6,3.92,83.6,83.5,77.0,0.976,3.2
S0304,University B,Engineering,Control,41,Non-traditional (>22),Male,Hispanic/Latino,19.3,3.83,2.86,3.67,4.21,3.7,2.62,3.75,4.7,4.31,2.56,3.94,4.11,,,4.23,3.81,4.55,72.1,71.3,77.4,0.764,5.0
S0305,University B,Computer Science,AI + Mindset,18,Traditional (18-22),Male,Black/African American,26.1,4.11,3.19,4.52,4.36,4.79,2.48,5.27,4.64,5.34,2.29,5.04,5.68,4.89,3.24,5.52,4.67,4.85,81.3,83.9,81.7,0.983,8.4
S0306,University A,Physics,AI Only,18,Traditional (18-22),Male,White,25.3,3.77,4.07,4.29,4.19,4.17,2.78,4.32,3.75,5.16,2.36,4.29,4.51,4.58,4.32,3.81,3.96,4.67,78.8,76.0,82.2,0.857,13.0
S0307,University C,Chemistry,AI + Mindset,35,Non-traditional (>22),Male,Other,25.1,3.52,3.58,4.14,3.85,3.91,3.3,4.42,4.31,5.01,2.78,4.7,4.52,4.9,4.5,4.58,3.81,4.3,79.5,76.4,88.8,0.905,7.9
S0308,University C,Engineering,AI + Mindset,18,Traditional (18-22),Male,Hispanic/Latino,20.6,4.38,4.25,3.55,4.18,5.39,3.18,4.41,4.97,5.58,1.21,5.25,5.07,4.06,3.84,4.41,3.71,4.33,88.5,87.8,84.8,0.902,11.3
S0309,University B,Mathematics,Control,41,Non-traditional (>22),Male,White,21.0,2.7,3.65,3.8,4.26,2.72,3.12,3.97,4.45,4.34,4.14,4.26,4.43,,,3.96,3.94,4.14,72.6,74.7,78.4,0.891,6.9
S0310,University B,Physics,Mindset Only,18,Traditional (18-22),Female,Asian,26.3,3.84,3.23,3.83,4.3,4.14,3.18,4.36,4.81,4.63,3.17,5.14,4.81,,,4.62,4.54,5.21,83.7,82.5,86.7,0.768,6.7
S0311,University A,Biology,AI Only,22,Traditional (18-22),Male,Hispanic/Latino,25.5,3.18,3.21,4.22,4.52,4.03,2.17,5.0,4.44,4.82,2.25,4.94,4.49,4.72,3.28,3.65,3.6,4.25,85.8,86.5,87.8,0.869,11.8
S0312,University B,Engineering,Control,18,Traditional (18-22),Male,White,21.2,3.42,3.37,4.05,4.44,3.42,3.73,4.31,4.28,4.6,3.08,3.94,4.47,,,4.67,4.07,4.62,73.0,68.4,75.8,0.784,8.1
S0313,University B,Computer Science,AI Only,39,Non-traditional (>22),Female,White,24.2,3.82,3.71,4.2,4.48,3.84,2.81,4.72,4.68,4.66,3.09,4.4,4.53,4.48,4.15,4.56,4.15,3.56,75.6,76.2,78.3,0.992,7.2
S0314,University B,Biology,Mindset Only,21,Traditional (18-22),Male,White,21.5,4.34,3.09,3.6,3.4,4.3,3.52,4.6,3.99,4.67,2.68,4.9,5.39,,,4.74,4.23,4.81,74.6,79.6,76.0,0.829,8.1
S0315,University A,Physics,AI + Mindset,21,Traditional (18-22),Male,White,20.3,3.85,3.66,4.03,4.71,4.26,2.5,4.88,5.74,5.39,1.97,5.0,6.0,3.52,4.37,4.52,4.26,4.72,85.9,92.5,91.8,0.878,7.3
S0316,University B,Engineering,AI Only,38,Non-traditional (>22),Female,White,26.1,3.81,3.39,3.8,4.27,3.91,2.93,3.9,4.74,4.86,2.91,4.17,4.41,4.85,3.54,4.63,3.4,3.88,80.4,77.5,82.4,0.812,12.3
S0317,University B,Physics,Mindset Only,21,Traditional (18-22),Male,Asian,23.4,4.13,3.66,3.01,4.66,4.46,3.65,2.83,5.74,4.12,3.0,4.93,5.29,,,5.21,3.91,4.1,81.2,77.7,93.4,1.0,6.0
S0318,University B,Mathematics,AI + Mindset,18,Traditional (18-22),Male,Black/African American,24.7,3.96,4.04,3.63,4.67,4.55,3.21,4.14,5.8,5.37,1.6,5.17,5.39,4.3,4.11,5.1,4.69,4.4,82.1,79.7,81.2,0.771,8.9
S0319,University C,Physics,Mindset Only,22,Traditional (18-22),Female,Hispanic/Latino,21.0,4.24,4.2,3.32,3.97,4.58,4.53,3.62,4.37,3.95,3.2,4.31,5.46,,,5.91,3.78,4.22,75.0,76.4,74.7,0.862,4.9
S0320,University C,Biology,Mindset Only,43,Non-traditional (>22),Female,White,24.3,3.48,4.28,3.79,4.55,3.36,3.91,4.25,4.84,4.4,2.45,4.1,5.09,,,4.1,4.63,4.85,77.3,68.6,78.6,0.7,6.1
S0321,University A,Biology,Control,22,Traditional (18-22),Male,Hispanic/Latino,26.2,4.29,2.25,3.85,4.43,4.13,2.33,3.7,4.18,4.36,3.74,3.49,4.5,,,3.57,3.56,4.16,80.0,84.6,82.9,0.777,5.7
S0322,University A,Chemistry,AI Only,41,Non-traditional (>22),Male,White,21.9,3.7,3.76,3.8,4.58,4.14,3.19,4.64,4.69,4.66,3.55,4.14,4.79,4.44,3.54,4.1,3.12,4.2,81.6,85.1,82.0,0.927,10.5
S0323,University B,Computer Science,Control,21,Traditional (18-22),Male,White,19.8,3.1,3.72,3.87,3.95,2.61,3.97,3.79,4.12,4.36,3.44,3.92,4.2,,,4.73,3.25,4.87,77.1,82.6,70.5,0.8,7.8
S0324,University C,Chemistry,AI Only,24,Non-traditional (>22),Female,White,21.8,4.17,3.81,4.26,3.63,5.08,2.37,4.22,3.64,4.51,3.2,3.8,4.54,4.14,5.49,3.51,3.46,4.49,79.8,81.6,82.7,0.851,8.5
S0325,University B,Computer Science,AI + Mindset,40,Non-traditional (>22),Male,Hispanic/Latino,25.2,3.47,3.36,4.41,4.66,3.71,2.26,5.27,4.85,5.32,2.87,4.66,4.98,5.0,3.86,5.37,4.37,4.44,80.4,81.9,79.9,0.996,7.0
S0326,University C,Chemistry,AI + Mindset,28,Non-traditional (>22),Male,Asian,23.5,4.66,3.53,3.85,5.12,4.82,3.23,4.83,5.55,4.63,2.68,4.77,5.04,3.73,4.02,5.2,4.75,4.97,71.9,74.5,70.0,0.786,8.5
S0327,University B,Physics,Control,20,Traditional (18-22),Female,Hispanic/Latino,22.2,3.55,3.57,3.95,4.52,3.7,3.44,3.73,3.82,4.28,3.54,4.05,3.74,,,4.07,3.74,4.18,76.0,76.2,82.6,0.862,7.9
S0328,University B,Engineering,Control,34,Non-traditional (>22),Male,White,26.1,4.27,3.6,3.96,4.77,4.0,3.56,3.83,4.42,4.48,3.26,3.37,4.39,,,4.07,4.11,3.78,73.0,72.0,79.4,0.889,9.1
S0329,University B,Computer Science,AI Only,19,Traditional (18-22),Female,White,22.2,4.12,2.56,3.17,3.95,4.76,1.82,3.9,3.72,4.85,3.68,4.55,4.68,4.34,4.13,5.03,3.86,4.2,80.5,78.3,88.6,0.877,10.3
S0330,University B,Computer Science,AI Only,21,Traditional (18-22),Female,Asian,21.5,4.58,3.99,3.28,3.72,5.33,3.31,3.43,4.25,5.15,2.27,4.08,4.94,4.77,4.28,4.78,3.82,4.51,79.9,80.4,82.1,0.927,7.7
S0331,University C,Computer Science,AI Only,23,Non-traditional (>22),Female,White,24.1,3.52,4.21,3.65,4.31,3.84,3.67,3.91,4.24,4.92,3.19,4.04,4.39,3.61,4.02,3.78,4.7,4.45,79.3,78.7,80.4,0.829,9.2
S0332,University A,Biology,Control,37,Non-traditional (>22),Female,White,21.4,3.76,4.41,3.3,3.95,3.42,5.23,3.71,3.52,3.34,3.49,3.37,4.33,,,3.7,4.3,4.88,68.3,65.8,67.1,0.786,5.2
S0333,University C,Engineering,Mindset Only,31,Non-traditional (>22),Male,Other,24.1,4.64,3.73,3.52,4.6,5.59,3.64,4.02,5.19,4.55,2.97,4.31,4.49,,,5.16,4.13,4.04,81.0,76.2,81.3,0.827,10.3
S0334,University A,Engineering,Mindset Only,30,Non-traditional (>22),Male,Black/African American,18.2,4.19,5.07,4.24,4.16,4.74,4.51,4.35,4.52,4.82,3.07,4.09,4.91,,,5.57,3.66,3.71,69.0,69.3,65.9,0.808,7.1
S0335,University C,Biology,Mindset Only,29,Non-traditional (>22),Other,Other,22.3,4.07,4.15,3.32,3.89,3.91,4.13,3.98,3.84,4.67,3.61,4.23,4.71,,,4.21,4.49,4.19,78.3,78.5,84.4,0.923,9.9
S0336,University A,Engineering,AI Only,36,Non-traditional (>22),Female,Black/African American,27.8,4.33,4.34,3.96,3.76,4.68,3.46,4.34,3.5,4.57,2.89,4.07,4.57,4.39,3.34,4.09,4.07,3.8,84.5,83.6,82.5,0.889,8.2
S0337,University B,Physics,AI + Mindset,22,Traditional (18-22),Female,White,23.1,3.91,3.79,2.51,4.3,4.86,2.4,3.33,5.15,5.63,2.31,5.42,5.65,5.35,3.65,4.29,4.49,4.93,91.4,91.5,98.2,0.97,10.9
S0338,University B,Physics,Control,37,Non-traditional (>22),Male,White,17.8,4.15,3.32,3.61,3.92,4.19,2.89,3.55,3.67,3.95,3.48,3.98,3.98,,,4.48,3.51,3.49,73.9,72.1,77.3,0.899,7.3
S0339,University B,Mathematics,Mindset Only,24,Non-traditional (>22),Male,White,25.9,4.2,2.53,3.74,3.74,4.38,2.73,4.17,4.47,4.88,2.91,4.6,5.07,,,4.69,3.79,3.59,83.3,84.3,80.1,0.673,9.1
S0340,University B,Physics,AI Only,32,Non-traditional (>22),Male,Hispanic/Latino,26.1,4.58,2.53,3.57,4.08,5.04,2.14,3.87,4.17,4.53,2.13,3.97,4.51,5.52,3.69,5.03,3.79,4.87,75.5,78.4,80.3,0.828,9.7
S0341,University A,Biology,AI + Mindset,21,Traditional (18-22),Male,Black/African American,19.8,4.13,3.42,3.35,4.55,5.28,2.65,4.42,5.24,5.25,2.95,4.62,5.57,4.01,3.4,4.88,4.49,4.61,78.9,79.8,79.5,0.741,8.8
S0342,University B,Physics,Control,26,Non-traditional (>22),Female,White,24.8,3.99,3.16,3.13,4.29,4.43,2.9,3.15,3.84,3.49,3.08,4.23,4.04,,,2.98,3.72,3.71,82.1,80.0,85.4,0.931,9.8
S0343,University A,Physics,AI Only,36,Non-traditional (>22),Female,White,23.6,3.82,3.65,3.88,4.68,4.12,2.83,4.84,4.88,5.08,2.95,3.9,4.57,4.51,3.84,2.6,3.63,4.33,72.1,74.6,76.2,0.856,7.3
S0344,University C,Biology,AI Only,18,Traditional (18-22),Female,Black/African American,20.2,3.85,4.16,3.68,3.82,4.42,3.18,4.25,3.78,5.29,2.5,4.24,4.59,5.02,4.49,3.51,4.24,4.47,67.6,67.3,73.4,0.771,8.1
S0345,University B,Computer Science,Mindset Only,21,Traditional (18-22),Male,Hispanic/Latino,23.7,4.55,3.46,3.48,4.56,5.05,2.84,4.07,5.08,4.48,3.97,5.28,5.14,,,4.94,4.65,4.44,83.1,81.9,81.9,0.884,8.3
S0346,University A,Engineering,Mindset Only,40,Non-traditional (>22),Female,White,19.3,4.93,3.36,3.1,5.08,4.78,3.01,3.37,5.6,4.08,3.59,4.5,5.23,,,5.46,4.15,4.16,78.7,76.3,84.9,0.921,8.4
S0347,University A,Chemistry,Mindset Only,22,Traditional (18-22),Female,White,24.1,3.75,4.1,4.28,4.31,3.84,3.65,4.87,4.83,4.87,2.44,4.36,5.52,,,4.55,4.07,3.64,80.0,82.8,75.8,0.745,8.9
S0348,University A,Biology,Control,34,Non-traditional (>22),Female,White,18.2,4.99,3.52,3.92,3.7,5.35,4.07,3.41,3.66,3.77,3.72,4.01,4.08,,,3.64,3.54,4.25,75.1,74.6,86.7,0.966,5.1
S0349,University C,Computer Science,Control,21,Traditional (18-22),Male,White,24.2,4.12,3.21,3.54,3.8,3.33,2.69,3.8,4.24,4.55,2.99,3.69,4.03,,,3.09,3.67,4.13,83.8,87.8,89.4,0.795,6.5
S0350,University B,Biology,Control,19,Traditional (18-22),Female,Black/African American,22.1,4.37,4.49,3.54,4.44,4.46,4.49,3.73,4.36,3.82,3.4,3.81,4.41,,,4.5,4.0,3.92,70.0,70.9,66.7,0.792,9.6
S0351,University C,Computer Science,AI + Mindset,26,Non-traditional (>22),Female,White,21.3,3.82,3.3,3.84,3.55,3.96,2.82,4.08,4.4,4.93,2.41,4.14,4.99,4.47,3.65,4.51,4.65,4.54,87.2,87.9,91.6,0.999,8.6
S0352,University C,Engineering,AI Only,36,Non-traditional (>22),Female,White,21.3,3.68,2.55,3.12,3.32,4.19,1.98,3.34,3.41,4.79,3.06,4.22,4.72,4.98,4.32,4.07,4.62,3.39,78.2,80.0,82.7,0.863,8.5
S0353,University B,Biology,AI Only,35,Non-traditional (>22),Female,Black/African American,25.4,3.02,2.51,3.53,4.03,3.51,1.8,3.72,4.11,4.65,3.31,4.26,4.72,4.38,5.08,3.64,4.02,3.94,80.0,86.1,78.8,0.731,10.7
S0354,University B,Chemistry,Control,20,Traditional (18-22),Female,Black/African American,16.0,3.67,2.86,3.98,4.34,3.77,2.73,3.92,4.33,4.51,3.22,4.03,4.41,,,4.06,3.75,3.66,78.7,77.5,83.8,0.775,6.8
S0355,University B,Chemistry,AI + Mindset,44,Non-traditional (>22),Female,Hispanic/Latino,21.3,3.82,3.96,3.9,3.99,4.27,3.28,4.36,4.5,4.78,2.81,4.35,4.75,4.38,3.86,5.74,3.81,3.71,77.6,80.2,80.4,0.876,11.1
S0356,University B,Physics,Mindset Only,19,Traditional (18-22),Female,White,19.9,4.03,4.22,3.1,3.88,4.23,3.78,3.83,4.4,4.85,2.98,4.11,5.08,,,4.43,4.63,4.37,77.0,78.2,76.5,0.874,9.8
S0357,University C,Computer Science,AI Only,44,Non-traditional (>22),Female,Hispanic/Latino,20.2,4.41,3.79,3.84,3.44,5.24,2.99,4.32,3.38,4.83,2.63,4.3,4.24,5.26,3.69,4.72,3.98,4.22,76.5,74.2,81.2,0.898,5.9
S0358,University A,Computer Science,AI Only,19,Traditional (18-22),Female,Other,18.7,4.15,3.32,3.69,3.82,5.22,3.47,4.25,3.59,5.24,2.44,4.3,5.09,3.62,3.5,4.62,4.9,3.98,79.8,78.3,85.1,0.861,10.3
S0359,University A,Chemistry,Mindset Only,25,Non-traditional (>22),Male,Hispanic/Latino,24.0,3.77,3.3,3.94,4.62,3.87,2.93,4.39,5.18,3.97,3.98,4.71,4.33,,,5.03,4.42,4.02,81.8,78.8,90.7,0.819,10.6
S0360,University C,Engineering,Control,40,Non-traditional (>22),Female,Black/African American,18.9,4.49,4.62,3.36,4.13,4.59,5.53,3.14,3.84,3.98,3.18,3.98,4.38,,,4.12,4.02,4.53,66.4,63.5,73.3,0.768,5.4
S0361,University B,Physics,Mindset Only,19,Traditional (18-22),Male,Black/African American,20.5,4.6,3.55,3.92,4.67,5.14,3.21,4.64,5.06,4.93,3.33,4.6,4.96,,,4.69,4.08,4.79,83.1,78.5,90.8,0.831,8.2
S0362,University A,Biology,AI Only,26,Non-traditional (>22),Female,White,25.6,3.69,3.46,4.28,3.67,4.08,3.33,4.75,4.04,4.66,3.26,3.75,5.05,4.91,3.9,3.99,3.28,4.43,81.0,76.8,87.6,0.873,6.4
S0363,University A,Physics,AI Only,21,Traditional (18-22),Male,White,19.3,3.94,3.39,3.81,4.23,4.72,3.02,4.53,4.5,4.71,2.71,3.84,4.52,4.46,4.55,4.73,3.94,4.32,81.7,76.8,87.2,0.978,13.6
S0364,University A,Biology,AI + Mindset,19,Traditional (18-22),Female,White,27.5,3.03,2.67,3.54,4.5,4.12,1.54,4.19,5.29,5.14,2.43,5.44,5.32,5.26,4.07,4.7,4.49,4.86,83.8,83.2,86.5,0.874,5.5
S0365,University B,Physics,Mindset Only,20,Traditional (18-22),Male,Asian,20.7,3.73,2.39,3.79,4.15,4.36,2.07,4.12,4.78,4.59,2.89,4.86,5.7,,,5.07,3.95,4.22,80.1,81.8,75.7,0.946,11.1
S0366,University C,Computer Science,Mindset Only,23,Non-traditional (>22),Female,White,24.7,3.56,3.28,4.05,4.37,3.21,3.33,4.22,4.6,4.27,4.0,4.24,4.95,,,4.08,4.23,4.05,83.4,84.6,91.5,0.859,11.2
S0367,University A,Physics,AI Only,22,Traditional (18-22),Male,Black/African American,22.0,4.14,3.88,4.02,4.22,4.83,3.0,4.22,4.15,5.14,2.8,4.72,4.49,3.49,5.22,3.3,4.53,3.7,81.7,86.4,85.9,1.0,13.3
S0368,University A,Computer Science,AI Only,20,Traditional (18-22),Female,White,23.5,3.91,4.49,3.65,4.14,4.87,3.22,4.12,3.88,4.88,2.56,4.71,4.67,4.61,3.63,3.73,4.41,4.04,82.1,83.3,84.0,0.92,6.7
S0369,University A,Biology,Mindset Only,18,Traditional (18-22),Female,White,22.5,3.2,3.92,3.89,4.04,3.92,3.88,4.98,4.19,3.89,2.96,5.08,5.58,,,4.49,4.08,4.52,73.0,69.0,70.4,0.821,11.0
S0370,University A,Chemistry,Mindset Only,19,Traditional (18-22),Male,White,24.9,3.74,3.22,4.04,3.86,3.99,3.15,5.16,4.61,4.35,3.29,4.45,5.11,,,4.79,4.45,4.4,82.9,84.4,87.1,0.788,9.0
S0371,University A,Computer Science,Control,22,Traditional (18-22),Male,White,22.0,4.16,3.39,3.35,3.9,4.26,3.34,3.57,3.34,4.27,3.38,4.03,4.49,,,4.16,4.2,4.71,76.6,71.7,72.5,0.868,5.4
S0372,University B,Biology,Mindset Only,21,Traditional (18-22),Female,White,26.4,4.74,3.15,4.18,3.95,5.51,3.56,4.42,4.72,4.43,3.65,4.34,5.18,,,5.8,3.53,4.33,85.7,89.1,86.6,0.926,10.3
S0373,University B,Physics,AI + Mindset,43,Non-traditional (>22),Male,White,24.9,3.69,3.4,3.76,5.14,4.2,2.06,4.44,5.85,4.85,3.03,4.91,5.69,4.71,3.41,4.65,3.92,5.3,87.2,85.8,97.7,0.735,11.7
S0374,University A,Engineering,AI + Mindset,32,Non-traditional (>22),Male,Black/African American,24.5,4.78,3.21,4.45,5.19,5.2,2.5,4.8,5.91,4.96,2.59,4.69,5.45,5.1,4.65,4.61,4.1,4.65,85.5,79.9,85.5,0.86,8.3
S0375,University A,Computer Science,Control,35,Non-traditional (>22),Female,White,23.0,3.77,3.08,3.08,4.05,4.0,2.73,3.09,3.98,3.91,3.76,3.5,4.14,,,3.65,4.7,4.5,69.1,67.1,74.5,0.964,9.4
S0376,University A,Chemistry,Control,18,Traditional (18-22),Male,Hispanic/Latino,23.6,4.34,3.91,3.43,3.96,4.77,3.96,2.99,4.02,3.96,3.34,3.55,4.5,,,3.25,3.94,4.79,72.7,74.7,76.8,0.768,11.5
S0377,University C,Computer Science,Control,41,Non-traditional (>22),Male,White,25.8,4.05,3.23,3.13,3.86,3.78,4.02,2.87,3.87,4.09,3.74,3.62,4.15,,,3.71,4.04,3.83,72.4,73.5,78.8,0.843,6.7
S0378,University C,Chemistry,AI + Mindset,19,Traditional (18-22),Female,White,24.7,5.06,3.33,3.71,3.92,6.0,2.28,4.41,4.65,4.97,1.87,5.22,5.57,5.31,4.01,5.34,4.38,4.61,79.7,79.0,82.3,0.828,7.7
S0379,University B,Computer Science,AI + Mindset,21,Traditional (18-22),Male,Hispanic/Latino,26.3,3.78,3.22,4.09,4.78,4.51,2.14,4.9,5.31,5.11,2.08,4.89,6.0,4.31,4.72,4.91,5.28,4.37,80.9,85.6,79.3,0.817,12.1
S0380,University B,Mathematics,Control,23,Non-traditional (>22),Male,Black/African American,23.4,3.19,2.71,4.09,3.55,3.41,2.76,4.04,3.52,4.04,3.37,3.64,4.4,,,4.08,4.16,4.17,87.6,89.1,84.9,0.891,7.0
S0381,University A,Mathematics,AI + Mindset,21,Traditional (18-22),Female,White,23.8,4.28,3.28,3.23,5.1,5.09,1.87,4.0,5.87,5.11,1.26,4.79,5.71,3.91,4.0,3.77,4.64,4.7,83.0,78.4,85.4,0.953,8.3
S0382,University C,Computer Science,AI Only,22,Traditional (18-22),Female,Hispanic/Latino,23.1,4.49,3.55,3.52,5.24,5.46,2.99,4.04,5.13,4.82,2.57,4.19,4.88,5.61,4.06,3.86,4.2,4.14,78.3,75.2,84.8,0.86,8.0
S0383,University C,Mathematics,Mindset Only,40,Non-traditional (>22),Male,Hispanic/Latino,21.7,3.9,3.75,3.85,4.27,4.67,3.9,4.42,4.11,4.34,2.53,4.05,4.52,,,4.6,4.61,4.55,82.6,80.4,78.2,0.811,10.4
S0384,University A,Chemistry,Control,34,Non-traditional (>22),Male,White,21.5,4.56,3.57,4.33,4.7,4.17,3.75,4.85,4.4,3.75,2.7,4.48,4.3,,,3.03,4.04,4.0,75.3,72.3,74.0,0.922,8.6
S0385,University A,Mathematics,AI Only,29,Non-traditional (>22),Male,White,25.9,3.87,3.58,3.48,4.43,3.98,3.15,3.6,4.76,4.87,2.61,3.67,4.67,4.56,3.4,3.87,3.71,4.26,77.6,77.6,78.9,0.794,8.3
S0386,University C,Chemistry,AI + Mindset,42,Non-traditional (>22),Female,Hispanic/Latino,25.8,4.44,3.53,3.94,4.42,5.59,2.69,4.27,4.69,5.04,1.95,5.0,5.31,4.91,3.03,5.79,5.12,4.0,83.6,80.4,81.4,0.728,9.7
S0387,University C,Engineering,Control,27,Non-traditional (>22),Female,Hispanic/Latino,23.8,3.66,3.3,4.38,3.84,3.24,3.04,3.84,4.34,4.07,3.13,3.93,4.24,,,3.89,3.6,3.4,73.7,72.8,74.6,0.905,6.4
S0388,University A,Mathematics,AI + Mindset,37,Non-traditional (>22),Female,White,27.8,3.97,3.09,4.45,3.99,4.21,2.28,4.33,4.32,5.11,2.89,4.37,4.92,4.55,4.3,5.5,4.61,4.25,82.1,79.1,86.5,0.817,10.5
S0389,University A,Chemistry,AI Only,23,Non-traditional (>22),Male,White,23.5,4.1,2.88,3.42,4.46,4.18,2.66,3.2,5.13,5.41,2.98,3.52,4.33,4.71,3.83,4.07,4.29,4.58,82.6,80.3,83.7,0.899,7.6
S0390,University A,Engineering,AI Only,40,Non-traditional (>22),Male,White,20.6,4.26,4.19,3.88,4.56,4.67,3.81,3.88,5.28,5.31,1.9,4.36,4.04,5.3,3.83,4.47,4.68,3.64,83.1,85.3,87.2,0.936,7.5
S0391,University B,Engineering,AI Only,19,Traditional (18-22),Male,White,22.7,3.49,2.67,3.99,3.93,4.38,1.29,4.19,3.96,5.12,2.37,4.07,4.6,3.54,3.89,4.36,4.25,4.4,80.2,75.5,82.2,0.746,9.0
S0392,University C,Physics,Mindset Only,18,Traditional (18-22),Male,White,21.3,3.56,3.66,4.23,4.38,3.71,3.24,4.32,4.56,4.29,3.33,4.8,4.66,,,5.16,3.65,3.93,83.9,86.4,91.7,0.819,9.0
S0393,University B,Physics,AI Only,20,Traditional (18-22),Female,White,22.0,4.47,2.89,4.05,4.86,5.0,2.32,4.04,4.92,4.76,2.24,4.2,4.47,4.88,3.83,3.64,4.84,4.41,76.5,81.2,81.5,0.888,4.3
S0394,University C,Computer Science,Control,22,Traditional (18-22),Female,White,22.7,3.6,3.07,4.32,4.21,3.33,3.14,3.88,4.33,3.52,3.21,3.86,3.73,,,4.06,3.36,4.03,77.7,81.0,82.3,1.0,4.4
S0395,University B,Biology,AI + Mindset,22,Traditional (18-22),Male,White,25.7,4.3,2.88,3.74,4.7,5.5,2.47,4.14,5.25,5.78,2.32,4.64,5.46,5.26,3.28,4.34,4.25,5.03,89.7,88.0,91.1,0.911,12.0
S0396,University B,Biology,Mindset Only,22,Traditional (18-22),Female,Black/African American,18.0,3.59,2.95,3.96,4.34,4.06,3.14,4.44,4.68,4.29,2.67,4.18,4.78,,,4.94,4.24,4.4,72.9,79.6,78.5,0.856,8.0
S0397,University A,Biology,Mindset Only,42,Non-traditional (>22),Male,White,18.4,4.28,3.54,3.96,4.89,4.34,3.87,4.11,5.74,4.61,3.69,4.61,4.47,,,5.7,4.42,4.41,79.4,81.6,75.3,0.83,12.3
S0398,University B,Computer Science,AI Only,43,Non-traditional (>22),Male,White,24.1,4.14,4.09,3.53,3.86,4.17,3.74,3.17,4.14,4.62,3.11,4.22,4.59,5.14,4.34,4.56,4.61,3.92,80.4,80.0,86.9,0.812,8.1
S0399,University C,Computer Science,AI Only,19,Traditional (18-22),Female,White,22.5,4.29,2.69,3.45,4.66,4.53,1.81,3.54,4.86,5.3,3.38,4.24,4.61,5.61,5.5,3.31,4.15,4.32,84.0,84.8,78.5,0.755,5.9
S0400,University C,Chemistry,Mindset Only,25,Non-traditional (>22),Male,Hispanic/Latino,22.6,4.09,3.31,3.13,3.86,4.77,3.69,3.2,4.45,4.99,3.31,4.25,4.38,,,3.94,4.45,4.26,82.5,79.0,90.2,0.892,10.7
S0401,University B,Physics,Control,20,Traditional (18-22),Male,White,23.3,3.88,4.0,3.23,3.92,4.11,4.13,3.03,4.04,4.31,3.43,3.68,4.19,,,4.14,3.48,3.95,81.1,78.7,81.8,0.952,10.5
S0402,University B,Chemistry,Mindset Only,18,Traditional (18-22),Female,White,26.4,4.08,3.4,3.01,4.21,4.46,3.37,3.3,4.66,4.53,2.41,4.65,5.38,,,4.97,4.11,4.14,79.2,74.8,72.0,0.774,5.3
S0403,University A,Computer Science,Control,25,Non-traditional (>22),Female,White,19.7,4.11,4.05,3.92,4.35,4.41,4.68,4.36,3.74,3.68,3.36,4.0,3.79,,,3.57,3.61,3.82,70.9,71.2,76.6,0.974,8.9
S0404,University A,Mathematics,Mindset Only,34,Non-traditional (>22),Female,Hispanic/Latino,27.8,4.55,3.46,3.9,3.69,4.65,3.52,3.81,3.98,4.49,4.06,4.2,5.41,,,4.65,4.12,4.33,79.0,84.9,80.4,0.945,9.5
S0405,University B,Engineering,AI Only,35,Non-traditional (>22),Female,Asian,21.6,3.94,4.05,3.41,5.22,4.74,3.61,3.26,4.89,4.59,2.8,3.92,4.12,4.05,2.7,4.75,4.25,4.41,88.7,88.4,91.0,0.875,11.5
S0406,University C,Engineering,Mindset Only,35,Non-traditional (>22),Male,Black/African American,21.4,4.41,3.52,3.29,3.64,4.53,3.66,4.04,3.55,4.08,2.89,4.05,4.64,,,4.69,3.74,4.16,75.9,77.0,76.3,0.827,6.0
S0407,University C,Biology,AI Only,19,Traditional (18-22),Female,White,24.2,4.0,3.04,4.02,4.45,4.14,2.06,4.29,5.01,4.33,2.74,3.74,4.9,4.04,3.98,3.6,3.79,3.95,77.4,79.3,70.0,0.834,9.2
S0408,University A,Chemistry,AI + Mindset,40,Non-traditional (>22),Other,Hispanic/Latino,23.3,4.33,3.85,3.26,4.39,5.01,3.56,3.79,5.35,4.67,2.1,4.82,4.79,4.4,3.66,4.29,4.39,4.23,80.3,79.9,81.2,0.788,6.7
S0409,University C,Engineering,AI Only,21,Traditional (18-22),Female,White,20.5,3.05,3.13,3.96,3.88,3.74,2.53,4.21,4.48,4.91,2.39,4.26,5.03,4.81,3.39,3.87,3.67,4.4,92.1,90.3,95.6,0.757,9.9
S0410,University B,Computer Science,Control,19,Traditional (18-22),Female,Black/African American,21.6,3.27,4.18,3.82,4.32,3.33,3.97,4.03,4.32,4.52,2.89,3.67,4.05,,,5.35,4.05,4.95,71.3,65.1,72.9,0.817,9.0
S0411,University B,Engineering,Control,20,Traditional (18-22),Male,Hispanic/Latino,25.0,4.44,3.88,3.6,4.53,4.46,4.18,3.84,5.01,3.86,3.39,3.67,4.27,,,4.03,4.4,4.38,85.5,84.4,85.3,0.917,11.4
S0412,University A,Physics,AI + Mindset,42,Non-traditional (>22),Female,White,24.4,3.93,4.12,3.48,3.71,5.05,3.51,3.94,4.44,4.98,2.07,4.37,5.43,4.51,4.08,4.03,4.48,4.25,80.8,77.8,85.8,0.837,10.8
S0413,University B,Computer Science,Control,19,Traditional (18-22),Male,White,20.0,3.48,3.07,4.08,4.25,3.04,3.11,4.55,4.33,3.26,3.32,3.87,4.71,,,3.88,3.83,3.91,80.5,81.0,83.4,0.9,6.0
S0414,University B,Engineering,AI + Mindset,35,Non-traditional (>22),Female,Hispanic/Latino,23.0,4.34,4.23,3.56,4.13,5.57,4.18,3.54,4.77,5.01,2.16,4.45,4.74,5.35,4.2,4.46,4.07,4.67,85.2,85.2,90.5,0.821,7.3
S0415,University B,Chemistry,Control,39,Non-traditional (>22),Male,Hispanic/Latino,19.3,4.41,3.63,2.95,3.56,4.79,3.71,3.38,3.9,3.76,2.41,3.04,3.96,,,3.32,4.88,3.73,86.6,83.1,92.1,0.93,5.2
S0416,University B,Mathematics,AI Only,35,Non-traditional (>22),Male,Asian,21.7,4.7,3.32,3.49,3.67,5.16,2.65,3.52,4.31,4.95,2.53,4.19,4.01,3.99,4.81,3.08,4.26,4.88,81.2,80.3,85.6,0.873,5.9
S0417,University B,Computer Science,AI + Mindset,26,Non-traditional (>22),Male,White,20.4,3.98,3.11,3.69,4.1,4.51,2.07,3.84,4.65,4.67,2.83,4.19,4.91,2.99,3.96,3.89,4.37,4.67,79.6,75.2,80.8,0.995,8.4
S0418,University A,Engineering,Control,20,Traditional (18-22),Male,White,27.1,4.08,2.86,4.19,4.16,4.04,3.22,4.29,3.8,4.4,3.11,3.22,4.91,,,4.47,3.76,4.17,71.0,70.0,75.7,0.879,8.1
S0419,University A,Computer Science,Control,22,Traditional (18-22),Male,Asian,22.5,4.65,3.37,3.54,4.49,3.69,3.24,3.39,4.56,3.93,3.53,3.46,4.19,,,3.74,3.74,4.25,76.0,79.7,84.2,0.873,5.0
S0420,University B,Engineering,AI Only,35,Non-traditional (>22),Male,Hispanic/Latino,27.4,4.11,4.8,4.67,4.71,5.35,3.99,5.06,4.88,4.55,3.16,3.98,4.24,4.52,4.18,3.8,3.88,4.81,79.4,74.1,83.3,0.824,11.5
S0421,University C,Computer Science,Control,20,Traditional (18-22),Male,Black/African American,22.0,3.76,3.26,3.62,4.62,3.63,3.24,4.03,4.45,3.7,3.24,4.06,4.73,,,4.83,4.01,3.78,69.7,71.3,75.3,0.839,11.4
S0422,University B,Chemistry,AI + Mindset,37,Non-traditional (>22),Female,Hispanic/Latino,24.2,3.92,3.1,3.99,3.94,4.57,2.43,4.07,4.18,5.07,2.66,4.84,4.85,4.91,4.2,4.43,4.96,3.89,78.0,79.2,77.9,0.814,6.8
S0423,University A,Physics,Mindset Only,32,Non-traditional (>22),Female,White,24.8,3.42,3.04,3.48,3.78,3.69,3.05,3.23,4.02,4.34,3.27,4.37,4.78,,,4.34,4.05,3.58,77.7,76.8,78.6,0.755,7.6
S0424,University A,Chemistry,AI Only,22,Traditional (18-22),Male,Black/African American,21.3,4.29,3.78,3.75,4.37,4.74,2.86,3.96,4.51,5.07,2.88,4.48,4.57,4.15,4.59,4.99,3.9,3.8,79.6,84.0,76.1,0.861,9.7
S0425,University B,Biology,AI + Mindset,30,Non-traditional (>22),Female,Black/African American,21.9,4.04,3.27,3.69,4.74,5.04,2.75,3.77,5.43,4.74,3.81,4.75,5.06,4.37,4.22,4.83,4.55,4.07,82.9,87.6,90.4,0.933,11.6
S0426,University B,Engineering,Control,22,Traditional (18-22),Male,White,21.1,4.05,3.37,3.31,3.71,3.56,3.46,3.35,3.91,3.36,3.46,3.18,4.02,,,3.42,3.47,4.28,76.5,75.0,71.5,0.829,8.2
S0427,University B,Biology,AI Only,19,Traditional (18-22),Male,White,24.5,3.88,4.01,4.14,4.22,4.37,3.37,4.21,4.39,5.19,1.91,3.95,4.61,4.73,4.09,4.41,3.99,3.92,77.6,76.1,79.2,0.821,9.3
S0428,University B,Physics,AI Only,38,Non-traditional (>22),Female,White,24.6,4.15,3.42,3.56,4.05,4.68,2.61,4.08,4.03,4.89,3.11,4.09,4.39,4.82,4.03,5.21,4.48,4.59,82.7,75.9,86.9,0.657,6.7
S0429,University B,Biology,Control,23,Non-traditional (>22),Male,White,16.8,3.77,3.07,3.07,3.79,4.5,3.32,3.65,4.04,4.18,3.34,4.05,4.49,,,3.71,3.3,5.42,68.1,65.8,68.5,0.876,8.2
S0430,University C,Chemistry,Mindset Only,19,Traditional (18-22),Female,White,25.9,3.77,3.68,4.07,3.88,3.56,3.3,4.5,4.44,5.0,2.57,4.49,4.68,,,4.39,4.28,4.13,78.0,77.8,78.0,0.816,8.9
S0431,University C,Computer Science,Control,33,Non-traditional (>22),Female,White,21.9,4.22,3.71,4.04,4.7,4.78,3.76,4.37,4.6,3.98,3.31,3.6,4.13,,,3.67,3.34,4.08,81.3,84.9,87.6,0.95,8.8
S0432,University B,Physics,Control,23,Non-traditional (>22),Male,Hispanic/Latino,25.2,4.73,3.57,3.0,4.43,4.61,3.13,2.76,4.2,4.04,3.35,3.51,4.02,,,4.9,3.98,4.06,82.7,78.4,84.4,1.0,6.6
S0433,University A,Computer Science,Control,20,Traditional (18-22),Male,Hispanic/Latino,21.5,3.54,3.56,4.61,4.49,3.53,2.58,4.45,4.63,4.21,3.24,4.13,3.86,,,4.1,3.79,3.91,69.8,68.2,77.5,0.84,9.6
S0434,University A,Engineering,AI + Mindset,29,Non-traditional (>22),Female,Black/African American,20.6,4.64,2.78,3.29,3.78,5.69,1.91,3.33,4.68,5.07,2.63,4.18,5.31,4.31,5.13,4.93,4.12,4.86,76.7,78.5,87.7,0.903,8.1
S0435,University A,Computer Science,Control,21,Traditional (18-22),Male,White,22.6,3.86,3.95,3.89,4.56,3.77,4.48,3.84,4.27,4.78,3.69,3.52,4.09,,,5.25,4.62,4.7,78.3,84.8,73.0,0.801,7.1
S0436,University B,Computer Science,Mindset Only,44,Non-traditional (>22),Male,Black/African American,26.5,4.17,2.73,3.77,4.47,4.43,3.22,3.84,5.23,3.81,3.71,4.36,4.97,,,4.65,4.41,4.21,75.8,78.3,78.2,0.879,6.1
S0437,University B,Physics,Control,21,Traditional (18-22),Female,White,21.6,4.62,3.19,3.84,3.9,4.87,2.97,3.81,3.39,4.33,3.71,3.67,3.94,,,2.97,3.58,4.11,82.3,77.5,84.4,0.766,12.9
S0438,University A,Biology,AI + Mindset,42,Non-traditional (>22),Female,Black/African American,22.5,4.35,4.31,3.52,4.51,4.94,3.87,4.49,5.13,4.28,1.39,4.5,5.27,5.05,3.6,4.34,4.17,4.61,80.0,82.3,76.9,0.924,11.7
S0439,University B,Physics,AI Only,43,Non-traditional (>22),Female,White,26.8,3.6,3.6,4.24,4.56,4.01,3.06,4.14,4.64,4.22,2.79,4.46,4.69,4.27,4.59,4.43,4.36,4.08,78.4,74.5,79.1,0.716,5.7
S0440,University A,Biology,AI Only,21,Traditional (18-22),Female,Hispanic/Latino,21.3,4.05,3.98,3.78,3.98,4.31,3.92,3.54,4.14,4.7,2.41,4.16,4.76,4.1,3.82,3.45,3.44,4.39,81.6,83.8,82.8,0.824,9.7
S0441,University B,Chemistry,Control,19,Traditional (18-22),Female,White,21.7,4.63,4.41,3.67,4.22,4.38,4.11,3.74,3.73,4.23,3.01,4.15,4.82,,,4.34,4.0,4.3,71.5,74.0,74.2,0.894,7.3
S0442,University C,Biology,AI + Mindset,38,Non-traditional (>22),Male,Hispanic/Latino,20.9,4.44,4.3,4.07,3.58,5.47,4.31,4.56,4.5,4.94,2.22,4.05,4.95,4.87,3.87,4.05,4.3,4.35,86.3,84.7,80.8,0.823,12.6
S0443,University B,Chemistry,Control,27,Non-traditional (>22),Female,White,29.0,4.48,3.58,3.59,3.83,4.53,3.97,3.39,4.6,3.89,3.29,3.2,4.5,,,3.72,3.93,3.92,70.1,66.0,73.0,0.841,7.5
S0444,University B,Mathematics,AI Only,20,Traditional (18-22),Female,Black/African American,25.0,4.23,2.93,3.62,3.44,4.94,2.62,3.51,3.7,5.21,1.95,4.24,4.54,5.4,4.34,4.57,4.06,4.36,87.7,87.4,96.4,0.816,11.1
S0445,University A,Chemistry,Control,20,Traditional (18-22),Male,Black/African American,19.5,3.97,2.39,3.93,4.38,4.48,2.31,4.06,4.12,3.7,3.75,4.29,4.15,,,4.15,3.65,4.13,77.1,76.0,73.0,0.841,7.6
S0446,University B,Computer Science,Control,19,Traditional (18-22),Male,White,25.8,3.59,2.34,3.56,4.07,3.45,2.45,3.25,3.72,3.82,3.51,3.62,4.13,,,3.17,3.13,4.07,73.3,71.3,72.7,1.0,10.9
S0447,University A,Computer Science,AI + Mindset,35,Non-traditional (>22),Male,Black/African American,28.1,3.32,3.39,3.74,4.51,3.61,2.55,3.94,4.97,4.5,2.43,4.28,4.53,4.63,3.81,5.3,4.65,4.72,82.5,76.6,81.3,0.923,6.3
S0448,University B,Computer Science,Mindset Only,20,Traditional (18-22),Male,Black/African American,25.0,4.32,3.89,3.98,5.01,4.69,3.84,4.05,5.34,4.84,2.79,4.45,5.66,,,3.3,3.99,4.16,78.7,75.1,85.8,0.657,7.6
S0449,University A,Physics,Control,21,Traditional (18-22),Male,Black/African American,26.8,3.51,3.61,3.87,3.48,3.24,3.34,4.1,3.76,3.98,3.41,3.68,4.31,,,4.08,4.28,4.57,82.0,76.4,86.6,0.912,9.9
S0450,University B,Computer Science,AI + Mindset,35,Non-traditional (>22),Male,Hispanic/Latino,24.0,3.62,3.19,3.48,4.37,4.51,2.72,3.94,5.05,5.02,1.94,4.8,4.97,4.1,3.86,3.52,3.45,4.75,73.6,73.5,75.7,0.821,9.5
S0451,University C,Biology,AI + Mindset,22,Traditional (18-22),Male,White,24.5,3.3,3.89,3.96,4.24,3.83,3.52,4.71,5.24,5.72,1.7,5.5,5.48,4.42,3.75,4.71,4.67,4.79,84.2,84.2,81.9,0.957,9.8
S0452,University A,Engineering,Mindset Only,18,Traditional (18-22),Male,Hispanic/Latino,22.8,4.32,4.34,3.9,4.46,4.78,4.45,4.27,5.36,5.12,2.59,4.74,5.13,,,4.92,3.77,4.99,82.0,85.4,88.4,0.818,8.4
S0453,University B,Computer Science,Control,22,Traditional (18-22),Other,Hispanic/Latino,15.4,4.07,2.81,3.41,3.79,3.66,2.12,4.03,3.74,4.19,2.74,3.57,4.36,,,3.37,3.54,4.57,64.8,61.1,64.5,0.822,6.2
S0454,University C,Engineering,Control,38,Non-traditional (>22),Female,Hispanic/Latino,17.2,3.72,3.32,4.26,3.61,3.82,4.21,4.2,3.55,3.93,2.81,3.86,4.07,,,4.35,4.19,3.97,68.0,70.1,72.1,0.942,7.0
S0455,University A,Physics,AI + Mindset,24,Non-traditional (>22),Other,Hispanic/Latino,22.0,3.53,4.33,4.1,4.15,4.31,3.3,4.71,4.74,5.17,2.26,4.72,5.52,5.02,3.95,3.8,4.4,4.41,77.4,79.3,85.9,0.973,5.5
S0456,University B,Computer Science,AI + Mindset,20,Traditional (18-22),Female,White,22.6,4.4,2.92,3.36,4.35,5.74,1.84,4.29,5.46,5.13,2.09,4.89,5.65,4.63,3.74,4.67,4.97,4.01,79.5,82.0,80.3,0.776,4.0
S0457,University B,Physics,Mindset Only,21,Traditional (18-22),Female,White,23.9,3.72,3.46,3.77,4.23,4.84,3.32,3.66,4.65,4.81,3.11,4.66,5.63,,,4.04,4.47,4.35,76.6,70.8,77.3,0.696,6.4
S0458,University C,Chemistry,Mindset Only,42,Non-traditional (>22),Male,White,23.7,4.43,3.63,4.12,4.48,4.82,3.18,4.51,4.61,4.52,3.01,3.93,4.57,,,5.04,4.77,4.57,79.0,79.0,82.3,0.996,5.8
S0459,University A,Chemistry,Mindset Only,20,Traditional (18-22),Male,White,29.5,3.76,3.03,3.33,4.97,4.03,2.9,3.88,5.33,4.71,3.54,4.42,4.94,,,5.52,4.44,4.89,87.9,87.0,93.3,0.791,10.6
S0460,University C,Biology,AI + Mindset,22,Traditional (18-22),Male,White,23.1,4.01,3.83,3.9,4.1,4.75,2.78,4.78,5.03,5.48,2.42,5.09,5.41,5.67,3.76,4.75,4.84,4.8,78.3,84.6,74.2,1.0,7.9
S0461,University B,Chemistry,Control,35,Non-traditional (>22),Female,Hispanic/Latino,24.7,3.74,3.01,3.25,4.19,3.79,3.29,3.21,4.14,3.88,2.76,3.72,4.44,,,4.16,3.94,4.08,82.3,81.4,84.9,0.861,10.6
S0462,University A,Engineering,AI + Mindset,32,Non-traditional (>22),Female,Black/African American,20.1,3.91,4.27,4.12,3.89,4.59,3.36,4.49,4.56,4.67,2.51,4.32,4.88,4.4,4.24,5.02,4.04,4.67,77.1,79.1,76.7,0.768,8.4
S0463,University B,Physics,AI + Mindset,43,Non-traditional (>22),Female,White,18.1,4.13,3.41,4.29,4.19,5.25,2.71,5.12,4.26,5.34,2.47,4.71,4.51,5.38,2.95,4.59,4.54,3.91,86.4,79.5,88.3,0.772,9.0
S0464,University A,Biology,Control,39,Non-traditional (>22),Male,White,24.3,3.64,3.19,3.22,3.61,3.36,3.18,2.92,4.06,3.86,3.7,4.03,3.98,,,3.82,3.96,3.88,77.1,74.3,79.9,0.962,8.4
S0465,University C,Computer Science,AI Only,20,Traditional (18-22),Female,Hispanic/Latino,20.0,4.37,4.58,3.52,4.55,4.56,4.32,4.33,5.2,4.67,2.58,3.89,5.27,4.22,3.8,3.78,4.22,4.22,75.9,76.3,73.7,0.853,7.5
S0466,University B,Physics,Mindset Only,22,Traditional (18-22),Male,White,20.5,4.19,3.6,3.98,3.8,4.78,3.35,4.8,4.25,4.73,3.55,4.48,5.16,,,4.52,4.12,3.91,82.3,84.3,86.0,0.994,8.5
S0467,University A,Engineering,AI Only,19,Traditional (18-22),Male,Hispanic/Latino,26.6,3.98,3.23,3.59,4.57,4.79,2.49,4.02,5.08,4.53,2.6,4.35,4.46,4.8,4.81,4.23,3.69,4.62,71.7,70.0,72.3,0.876,4.1
S0468,University C,Biology,AI + Mindset,18,Traditional (18-22),Male,Black/African American,22.6,4.31,4.26,3.51,4.63,4.98,2.83,3.99,5.46,5.37,1.8,5.2,5.55,4.94,4.9,5.15,4.89,4.58,95.9,99.0,99.2,0.901,8.0
S0469,University C,Chemistry,Mindset Only,20,Traditional (18-22),Male,White,22.9,4.61,3.88,4.39,3.78,5.07,3.66,5.0,4.77,4.55,3.12,4.55,5.07,,,4.68,4.27,3.98,73.9,73.2,74.3,0.889,4.3
S0470,University A,Physics,Control,22,Traditional (18-22),Female,Hispanic/Latino,29.1,4.55,2.19,3.73,3.96,4.1,2.38,3.68,3.61,3.94,2.91,3.31,4.52,,,4.53,4.04,3.96,80.3,74.1,79.8,0.866,8.3
S0471,University B,Biology,AI + Mindset,42,Non-traditional (>22),Male,White,24.7,4.3,3.51,3.8,3.98,4.96,3.32,4.07,4.05,4.8,2.08,4.43,4.85,3.99,4.87,4.37,4.01,4.21,81.8,83.9,85.1,0.781,7.2
S0472,University C,Chemistry,Control,42,Non-traditional (>22),Male,White,21.7,3.83,3.63,3.46,4.03,3.86,3.36,2.97,3.49,3.99,3.44,3.27,4.46,,,3.99,3.74,3.86,73.7,75.0,75.5,0.841,5.5
S0473,University B,Physics,Mindset Only,20,Traditional (18-22),Male,White,23.7,3.96,4.51,3.67,3.89,4.06,4.04,4.35,4.68,4.13,2.85,4.45,4.69,,,4.98,4.87,4.7,81.8,90.6,79.0,0.877,7.3
S0474,University A,Physics,Control,38,Non-traditional (>22),Male,White,20.2,4.16,3.72,3.41,4.35,4.81,4.18,3.16,5.06,4.57,3.54,3.77,4.55,,,4.06,3.91,4.05,69.0,71.0,72.7,0.824,8.8
S0475,University A,Physics,AI Only,24,Non-traditional (>22),Female,Black/African American,22.2,4.12,3.51,3.8,4.4,4.3,3.21,4.39,4.47,4.18,2.79,3.9,4.3,3.93,3.39,3.94,4.48,4.36,78.4,84.1,80.6,0.792,10.0
S0476,University C,Mathematics,AI + Mindset,28,Non-traditional (>22),Female,Black/African American,20.1,4.44,4.05,3.61,4.63,4.9,3.4,4.24,5.77,5.02,2.0,4.75,4.87,5.12,3.9,5.3,4.66,4.45,80.2,83.0,81.9,0.874,5.3
S0477,University C,Physics,Control,21,Traditional (18-22),Male,White,21.3,4.19,3.58,4.08,3.57,3.92,4.21,3.34,3.53,4.11,3.76,3.95,4.51,,,3.82,3.91,3.83,67.1,70.6,68.7,0.794,7.5
S0478,University A,Physics,AI + Mindset,25,Non-traditional (>22),Female,Black/African American,25.1,3.47,5.14,4.11,4.09,4.3,4.47,4.85,4.67,4.9,2.66,4.3,4.85,5.31,3.89,4.33,3.76,4.25,87.3,87.6,88.9,0.771,13.1
S0479,University C,Chemistry,AI + Mindset,18,Traditional (18-22),Male,White,23.3,4.81,3.87,3.43,4.01,5.29,3.19,4.54,4.69,5.07,1.62,5.14,5.34,5.59,4.02,4.96,4.99,4.76,85.8,80.2,89.3,0.814,7.7
S0480,University A,Mathematics,AI + Mindset,44,Non-traditional (>22),Female,White,24.0,4.8,4.41,3.93,4.26,5.21,4.08,4.62,4.57,4.75,2.29,4.26,5.42,5.06,4.61,4.77,4.3,3.96,83.9,86.1,90.0,0.787,9.3
S0481,University B,Mathematics,AI + Mindset,18,Traditional (18-22),Female,White,23.9,4.39,3.0,3.42,4.25,5.23,2.36,4.14,5.57,5.53,1.38,4.66,5.33,4.54,4.36,3.77,4.05,4.94,87.0,82.3,92.4,0.902,6.4
S0482,University A,Biology,AI Only,39,Non-traditional (>22),Male,White,27.0,4.66,2.6,3.31,3.92,5.08,2.21,3.54,4.31,4.28,2.32,3.87,4.77,5.3,4.74,4.09,4.47,4.22,84.6,78.9,86.1,0.9,8.3
S0483,University B,Computer Science,Mindset Only,28,Non-traditional (>22),Female,White,23.6,3.66,2.92,3.91,4.13,4.55,2.74,4.79,4.16,4.08,2.77,4.18,4.96,,,4.41,4.0,3.8,80.0,75.2,77.5,0.96,12.0
S0484,University B,Engineering,AI Only,43,Non-traditional (>22),Male,Black/African American,24.4,3.94,3.75,3.09,3.56,4.57,3.43,3.4,3.38,4.64,2.55,3.95,4.6,4.06,4.75,4.16,3.77,4.42,70.1,68.8,65.4,0.768,7.5
S0485,University C,Computer Science,Mindset Only,21,Traditional (18-22),Female,White,21.8,3.47,3.11,3.66,4.6,3.82,2.75,3.79,5.41,4.6,3.07,4.45,5.45,,,3.99,3.61,4.33,80.6,78.6,82.2,0.985,9.6
S0486,University B,Mathematics,Control,20,Traditional (18-22),Male,White,24.4,3.45,2.98,3.9,4.17,3.81,2.9,4.15,4.62,4.52,3.57,3.33,4.3,,,4.24,4.14,3.48,68.9,66.3,73.9,0.8,3.0
S0487,University A,Physics,Control,19,Traditional (18-22),Female,Hispanic/Latino,19.3,3.66,3.09,3.87,4.93,3.31,3.45,3.51,5.56,3.97,4.09,4.02,4.59,,,3.56,3.48,4.61,77.1,72.3,82.1,0.927,9.5
S0488,University B,Mathematics,AI Only,43,Non-traditional (>22),Male,White,22.8,4.32,3.89,3.34,4.41,4.44,2.95,3.51,4.28,4.72,2.88,4.06,4.69,4.83,4.77,3.27,3.87,4.38,84.4,86.8,89.7,0.726,7.3
S0489,University A,Engineering,AI Only,41,Non-traditional (>22),Male,Black/African American,22.0,3.96,3.63,4.03,4.24,4.74,3.66,4.21,3.98,4.96,2.51,4.26,3.99,4.6,3.86,4.4,4.09,3.91,74.4,73.0,67.5,0.834,10.7
S0490,University B,Physics,AI + Mindset,37,Non-traditional (>22),Female,White,24.4,4.49,4.53,4.14,4.95,4.88,4.19,5.02,5.2,5.2,2.45,4.42,5.18,4.3,4.28,5.56,4.78,4.51,82.4,81.0,91.4,0.794,6.1
S0491,University B,Mathematics,Mindset Only,22,Traditional (18-22),Male,White,23.2,3.86,3.59,3.24,4.22,4.37,3.03,3.6,4.63,4.96,3.13,4.03,5.32,,,3.93,4.39,4.56,79.2,77.8,77.9,0.801,9.5
S0492,University B,Engineering,Mindset Only,43,Non-traditional (>22),Male,White,20.2,4.06,3.73,3.35,4.69,4.49,4.16,3.48,5.11,4.76,2.99,4.12,5.42,,,4.09,4.32,3.42,70.7,70.8,73.8,0.721,7.8
S0493,University B,Computer Science,Control,33,Non-traditional (>22),Male,White,24.4,3.88,4.87,3.99,4.85,3.67,4.69,3.91,5.6,4.18,3.37,4.18,4.19,,,3.89,3.66,4.3,75.5,74.9,74.2,0.956,8.2
S0494,University C,Physics,AI Only,21,Traditional (18-22),Female,White,24.0,4.01,2.94,3.96,4.01,5.16,2.09,4.25,4.41,4.79,2.22,4.42,4.47,5.13,5.45,4.22,4.66,4.06,86.6,88.0,94.1,0.938,13.8
S0495,University C,Engineering,AI Only,21,Traditional (18-22),Male,Hispanic/Latino,21.1,3.64,3.09,4.06,3.52,4.04,3.66,4.06,4.08,5.53,1.8,4.63,4.54,4.61,4.52,3.9,4.94,4.01,74.9,73.2,79.0,0.902,10.2
S0496,University B,Biology,Mindset Only,18,Traditional (18-22),Male,White,24.3,3.67,3.78,4.25,4.41,3.96,2.81,4.66,5.49,4.36,3.59,4.66,5.96,,,4.15,4.28,4.91,79.9,77.5,80.2,0.944,9.7
S0497,University C,Computer Science,AI + Mindset,35,Non-traditional (>22),Female,Hispanic/Latino,24.2,4.03,3.55,3.76,4.25,4.97,2.96,4.3,4.71,5.07,2.46,4.86,5.45,5.51,5.64,5.79,4.18,3.92,86.6,88.0,86.6,0.787,10.1
S0498,University C,Engineering,AI + Mindset,22,Traditional (18-22),Male,Hispanic/Latino,26.9,4.08,3.65,4.11,4.35,5.46,3.33,4.46,5.09,5.86,1.99,5.04,5.07,4.42,4.76,4.74,2.87,4.01,94.8,97.3,93.0,0.784,8.5
S0499,University C,Biology,Mindset Only,26,Non-traditional (>22),Female,White,23.0,4.13,3.62,3.77,4.39,4.43,3.23,4.29,4.86,4.78,3.22,4.64,5.1,,,4.54,4.4,3.69,72.5,76.1,67.2,0.845,6.3
S0500,University A,Mathematics,Mindset Only,42,Non-traditional (>22),Male,White,23.6,3.46,4.05,3.45,4.13,3.51,3.89,3.76,4.71,4.56,3.06,4.5,4.94,,,5.06,4.55,4.19,78.1,78.3,78.6,0.716,10.1
S0501,University A,Biology,AI Only,19,Traditional (18-22),Male,Black/African American,22.1,4.53,3.64,4.08,4.24,4.99,3.15,4.85,4.14,4.88,3.15,4.3,4.58,4.63,4.06,4.46,3.62,4.69,85.8,87.0,93.8,0.817,10.9
S0502,University B,Physics,AI + Mindset,19,Traditional (18-22),Female,Black/African American,22.6,3.57,3.45,3.93,4.38,4.48,1.34,4.44,5.26,5.61,1.87,4.87,5.73,3.93,4.89,4.44,4.28,5.11,82.2,81.9,86.3,0.953,9.7
S0503,University A,Physics,AI + Mindset,25,Non-traditional (>22),Male,Other,21.4,3.96,3.32,3.26,4.16,4.64,2.65,3.81,4.49,4.81,1.82,4.51,5.25,5.6,4.26,4.9,4.61,4.65,77.3,73.6,78.9,0.875,7.9
S0504,University A,Mathematics,Control,20,Traditional (18-22),Female,White,22.6,4.52,2.84,3.35,4.08,4.63,2.66,3.2,4.43,4.0,3.11,3.63,4.21,,,3.37,4.1,3.96,79.3,80.7,77.3,0.822,9.5
S0505,University B,Mathematics,AI + Mindset,32,Non-traditional (>22),Male,White,24.8,3.93,4.04,4.05,4.13,4.61,3.49,4.67,5.04,5.26,2.57,4.51,5.29,5.33,4.14,4.34,4.7,4.23,88.1,87.1,87.6,0.911,8.2
S0506,University C,Computer Science,AI + Mindset,22,Traditional (18-22),Female,White,23.3,4.14,3.66,4.14,3.73,4.87,2.43,5.06,4.25,5.5,1.42,4.85,5.78,4.85,5.08,4.13,4.3,5.63,75.9,77.6,77.0,0.824,9.9
S0507,University A,Engineering,Control,21,Traditional (18-22),Female,White,25.0,4.85,4.0,4.09,3.47,4.68,3.83,4.5,3.25,4.09,4.15,4.46,4.08,,,4.07,4.25,4.36,78.5,78.3,83.9,0.799,8.9
S0508,University B,Computer Science,Mindset Only,21,Traditional (18-22),Male,Black/African American,23.0,4.89,3.02,3.94,3.81,4.99,2.39,5.11,4.31,4.68,2.29,4.6,5.58,,,3.78,3.94,4.69,81.9,79.7,83.8,0.853,10.3
S0509,University A,Computer Science,Mindset Only,21,Traditional (18-22),Male,Hispanic/Latino,18.2,4.24,3.84,4.02,3.67,4.62,3.79,4.81,4.44,5.03,2.57,4.71,4.9,,,5.3,4.48,4.83,78.3,81.2,84.6,0.868,9.3
S0510,University B,Physics,Control,20,Traditional (18-22),Female,White,26.5,4.36,3.71,3.08,4.67,4.89,3.72,3.09,4.52,4.39,3.7,4.09,4.05,,,3.61,3.67,4.95,79.4,74.5,79.1,0.996,10.6
S0511,University C,Biology,Mindset Only,18,Traditional (18-22),Male,Asian,20.0,3.79,3.28,4.65,4.51,4.12,3.17,5.43,5.17,3.99,2.61,4.33,5.09,,,4.72,4.74,4.03,77.2,74.1,78.6,0.778,7.6
S0512,University B,Engineering,AI + Mindset,19,Traditional (18-22),Female,Asian,27.4,4.32,3.85,4.26,4.02,4.78,2.94,4.74,4.49,5.85,2.07,4.73,5.54,5.43,4.65,4.19,3.76,4.13,80.8,78.7,92.8,0.878,9.3
S0513,University C,Chemistry,Mindset Only,40,Non-traditional (>22),Male,White,24.7,3.77,3.59,3.95,3.68,4.1,3.86,4.08,4.0,4.38,4.05,4.36,5.17,,,4.64,3.97,4.23,83.8,80.4,83.8,0.844,12.0
S0514,University A,Engineering,Mindset Only,36,Non-traditional (>22),Female,White,23.5,4.11,3.69,4.29,4.04,4.82,3.22,4.64,4.61,4.22,3.47,4.41,5.14,,,5.84,4.18,4.98,68.9,64.1,76.5,0.87,14.0
S0515,University A,Computer Science,AI + Mindset,20,Traditional (18-22),Male,Hispanic/Latino,18.2,3.63,3.85,4.16,3.86,4.33,2.64,5.33,4.93,5.32,1.85,5.63,5.48,4.41,3.65,5.76,3.8,5.36,86.7,88.7,84.5,0.748,11.6
S0516,University B,Biology,AI Only,28,Non-traditional (>22),Male,Hispanic/Latino,18.9,4.25,3.19,3.38,4.52,4.46,2.63,2.91,4.95,4.36,2.48,4.28,4.79,4.78,3.61,3.67,3.88,5.12,78.6,81.1,80.7,0.739,10.8
S0517,University C,Chemistry,AI + Mindset,41,Non-traditional (>22),Female,White,25.3,3.96,2.57,3.77,3.8,4.32,1.44,4.11,4.15,4.94,3.06,4.21,5.39,5.08,4.76,4.7,4.28,4.17,83.2,76.0,88.0,1.0,10.0
S0518,University C,Engineering,AI Only,18,Traditional (18-22),Female,Black/African American,18.0,3.98,3.57,3.32,4.08,4.36,3.19,3.62,4.11,5.15,2.54,4.16,4.4,4.72,4.35,3.33,4.12,3.94,81.7,81.2,79.5,0.844,9.8
S0519,University A,Engineering,AI + Mindset,22,Traditional (18-22),Male,Asian,22.3,4.48,3.1,4.18,4.32,4.71,2.17,5.29,5.02,5.24,1.96,5.3,5.43,5.16,3.36,5.7,4.96,4.99,83.7,83.0,82.6,0.972,7.9
S0520,University B,Engineering,Control,21,Traditional (18-22),Male,Asian,23.9,3.4,2.84,2.97,4.83,3.15,2.79,2.86,5.12,3.74,3.48,3.39,4.43,,,4.46,4.16,3.58,75.4,77.4,79.8,0.786,9.4
S0521,University C,Biology,Mindset Only,37,Non-traditional (>22),Male,Black/African American,23.1,4.37,3.83,4.26,4.19,3.93,4.11,4.53,4.31,3.73,3.31,4.8,4.83,,,5.03,3.84,4.31,79.0,80.0,81.7,0.802,5.8
S0522,University B,Mathematics,Control,37,Non-traditional (>22),Female,Asian,22.0,3.68,3.64,3.61,4.23,3.82,3.88,3.47,4.36,4.19,3.61,3.51,4.28,,,3.79,4.93,4.07,76.9,78.9,82.8,0.88,9.4
S0523,University C,Engineering,Control,25,Non-traditional (>22),Male,White,20.9,2.98,3.09,3.56,4.17,3.36,2.81,3.99,3.91,4.11,3.34,3.8,3.99,,,4.27,3.95,4.1,70.8,67.5,65.3,0.886,7.8
S0524,University C,Chemistry,AI + Mindset,28,Non-traditional (>22),Female,Asian,21.0,3.45,3.27,3.53,3.81,3.92,2.4,4.27,4.13,4.47,2.87,4.27,5.09,4.6,4.37,4.74,4.41,4.25,83.2,84.6,86.9,0.755,7.8
S0525,University B,Mathematics,Control,19,Traditional (18-22),Male,Hispanic/Latino,24.5,4.09,3.14,3.82,3.47,4.31,3.53,3.89,3.19,4.3,3.57,3.51,4.75,,,4.26,3.79,3.88,80.1,81.4,85.2,0.806,10.4
S0526,University B,Mathematics,Mindset Only,26,Non-traditional (>22),Female,Asian,23.3,3.74,3.56,4.24,3.83,3.58,2.85,4.23,4.39,4.79,2.95,4.48,4.82,,,4.61,4.26,4.31,76.6,72.4,77.4,0.904,9.0
S0527,University B,Mathematics,AI + Mindset,37,Non-traditional (>22),Male,Hispanic/Latino,23.3,4.49,3.78,3.42,4.44,4.79,3.53,3.97,4.98,4.91,1.79,4.28,5.64,5.45,4.35,3.94,3.79,4.65,82.3,81.0,87.5,0.859,4.9
S0528,University B,Physics,AI Only,21,Traditional (18-22),Male,Hispanic/Latino,22.2,4.21,3.36,3.87,3.46,5.31,2.47,4.05,3.28,4.8,2.98,4.45,4.82,5.21,4.6,3.64,4.32,4.34,85.5,87.6,89.7,0.858,4.4
S0529,University C,Physics,Control,20,Traditional (18-22),Female,Hispanic/Latino,20.0,4.28,2.75,3.77,3.78,4.58,2.9,3.96,3.61,3.94,3.09,4.1,4.37,,,3.53,4.18,3.91,67.8,70.0,65.3,0.751,6.9
S0530,University B,Computer Science,Control,20,Traditional (18-22),Male,Black/African American,20.7,3.34,2.84,3.26,4.39,3.54,2.49,3.24,4.4,4.42,3.36,4.01,4.33,,,4.04,3.69,3.77,69.6,69.8,68.5,0.965,8.8
S0531,University A,Computer Science,Control,20,Traditional (18-22),Female,Hispanic/Latino,23.2,4.17,3.23,4.09,4.47,4.03,2.85,4.11,4.5,3.73,3.28,3.07,4.08,,,4.35,3.92,4.41,83.5,81.7,84.5,0.762,10.2
S0532,University B,Engineering,Control,35,Non-traditional (>22),Male,Hispanic/Latino,19.3,4.96,3.86,3.88,4.13,4.88,4.33,3.73,4.3,4.23,3.48,3.4,3.62,,,3.71,4.32,3.97,75.7,74.6,85.4,0.911,10.6
S0533,University C,Engineering,Mindset Only,23,Non-traditional (>22),Female,White,21.6,4.18,3.64,4.15,4.45,4.44,3.63,4.64,5.16,4.62,3.58,4.63,4.93,,,4.63,3.89,2.99,83.1,88.3,87.5,0.916,8.4
S0534,University A,Computer Science,AI Only,41,Non-traditional (>22),Male,White,22.5,3.48,3.41,4.36,4.38,3.65,3.22,4.32,3.7,4.47,2.85,4.21,4.95,3.66,4.07,4.17,4.6,4.45,75.0,71.3,78.8,0.912,11.4
S0535,University A,Computer Science,AI + Mindset,20,Traditional (18-22),Female,Hispanic/Latino,25.8,3.68,3.83,3.83,4.62,4.45,3.19,4.54,5.2,5.55,1.59,4.62,5.56,5.08,3.69,4.74,4.9,4.69,88.5,91.2,86.5,0.896,9.7
S0536,University A,Chemistry,AI Only,42,Non-traditional (>22),Male,Hispanic/Latino,24.4,4.41,3.95,3.98,4.39,4.93,3.23,4.29,4.76,4.63,3.03,4.44,4.71,5.83,4.13,3.94,3.75,4.45,81.4,82.4,76.1,0.742,7.0
S0537,University C,Engineering,AI + Mindset,21,Traditional (18-22),Female,Black/African American,23.2,4.33,3.42,4.29,3.93,5.56,2.3,4.99,4.78,5.53,1.79,4.82,4.82,4.75,3.29,4.76,3.71,4.72,87.9,87.8,91.1,0.735,9.0
S0538,University B,Chemistry,AI + Mindset,18,Traditional (18-22),Female,White,22.9,3.91,3.9,3.74,4.53,4.95,3.2,4.88,4.99,5.09,1.83,4.74,5.52,4.24,4.01,4.7,4.55,3.41,80.6,79.2,89.7,0.846,2.9
S0539,University C,Engineering,Control,19,Traditional (18-22),Male,White,27.0,3.6,4.08,4.15,4.15,3.31,3.84,3.95,4.67,3.9,3.49,4.18,4.42,,,4.17,3.94,4.06,71.1,73.6,76.6,0.845,7.2
S0540,University B,Mathematics,AI Only,21,Traditional (18-22),Female,Hispanic/Latino,25.2,3.63,3.17,4.0,4.11,4.42,2.08,4.5,4.46,4.89,2.59,4.73,4.21,4.45,3.86,4.58,4.53,4.19,83.1,78.6,91.1,0.901,10.3
S0541,University A,Biology,AI + Mindset,18,Traditional (18-22),Male,Hispanic/Latino,23.3,3.63,3.3,3.06,4.71,4.43,2.03,3.97,5.19,5.28,1.45,4.83,6.0,4.22,4.54,4.7,4.46,3.93,79.4,76.5,79.9,0.767,7.1
S0542,University A,Physics,Control,21,Traditional (18-22),Female,White,20.7,3.68,3.12,4.22,3.54,3.45,3.7,4.29,3.6,3.92,3.36,3.67,4.8,,,3.43,4.4,4.33,73.8,80.2,76.8,0.79,7.3
S0543,University A,Physics,AI Only,19,Traditional (18-22),Female,Hispanic/Latino,23.3,3.73,2.4,3.99,4.6,4.44,1.5,3.94,4.96,4.7,2.49,4.62,4.51,4.56,4.6,4.89,4.15,3.51,81.0,81.4,82.5,1.0,6.7
S0544,University C,Mathematics,AI Only,18,Traditional (18-22),Male,White,21.0,3.57,2.91,3.94,4.32,3.94,2.26,4.69,4.25,4.7,2.62,4.51,4.24,5.06,3.77,4.33,4.48,3.36,80.3,74.5,84.2,0.857,7.1
S0545,University B,Biology,Control,31,Non-traditional (>22),Male,Black/African American,21.3,4.77,3.3,3.99,4.26,4.68,3.01,4.6,4.19,4.32,2.86,3.67,4.15,,,4.15,3.71,3.79,78.1,80.7,80.0,0.823,8.5
S0546,University B,Mathematics,AI Only,25,Non-traditional (>22),Female,Hispanic/Latino,17.3,4.64,3.13,4.01,3.8,4.99,2.04,4.61,4.26,5.16,3.16,3.97,4.49,5.01,4.27,4.06,3.88,4.59,81.5,80.1,84.6,0.873,7.4
S0547,University C,Biology,AI + Mindset,39,Non-traditional (>22),Male,Hispanic/Latino,24.2,3.58,3.85,4.41,3.55,3.73,2.65,5.12,4.33,4.99,2.67,4.85,5.1,4.74,3.81,5.2,3.92,4.17,81.4,78.5,92.2,0.838,11.5
S0548,University B,Engineering,Control,22,Traditional (18-22),Male,Black/African American,24.4,3.57,3.33,4.2,4.41,3.5,3.49,4.03,4.46,4.19,3.81,3.87,4.23,,,3.28,3.01,3.23,70.6,72.7,77.8,0.89,10.3
S0549,University A,Physics,AI Only,40,Non-traditional (>22),Female,Black/African American,20.4,4.67,3.0,3.77,4.38,5.21,2.36,4.15,4.65,4.52,2.91,3.9,4.19,4.07,4.22,4.71,4.06,4.76,75.6,74.2,72.2,0.76,9.5
S0550,University B,Mathematics,AI + Mindset,18,Traditional (18-22),Male,Hispanic/Latino,24.8,4.51,3.84,3.74,4.37,5.26,2.51,4.12,5.1,5.4,2.41,5.34,5.61,5.34,4.35,4.75,4.36,4.51,84.9,85.9,94.1,0.913,9.4
S0551,University A,Physics,Control,20,Traditional (18-22),Female,Black/African American,24.3,4.02,4.3,3.97,4.36,3.65,3.62,3.99,4.66,4.26,3.64,3.73,4.48,,,4.01,3.18,4.82,75.6,76.6,81.4,0.819,8.2
S0552,University C,Mathematics,Control,20,Traditional (18-22),Female,White,21.9,3.85,3.17,3.28,4.47,4.1,2.8,2.91,4.19,4.18,3.16,4.15,4.44,,,4.21,4.22,4.12,81.0,81.3,77.5,0.958,10.7
S0553,University B,Engineering,Mindset Only,38,Non-traditional (>22),Male,White,14.3,4.12,3.35,3.62,4.36,4.13,3.05,3.82,5.01,4.53,3.1,4.38,4.13,,,4.86,4.85,4.33,68.1,62.5,67.5,0.916,5.6
S0554,University C,Mathematics,Mindset Only,40,Non-traditional (>22),Male,Hispanic/Latino,20.9,3.67,3.77,4.3,4.39,4.1,3.77,4.67,4.99,4.41,2.52,4.49,4.6,,,4.73,4.19,3.67,88.2,80.9,90.6,0.806,11.6
S0555,University A,Computer Science,Control,41,Non-traditional (>22),Female,White,20.2,4.72,3.72,3.87,4.99,4.02,3.39,3.75,5.25,4.07,3.22,3.93,3.55,,,4.61,3.49,4.05,71.1,73.8,69.7,0.918,6.8
S0556,University C,Physics,AI Only,19,Traditional (18-22),Male,Black/African American,19.2,4.62,3.86,4.12,4.68,5.28,3.03,4.29,4.65,4.91,2.21,4.15,4.45,3.85,4.03,4.61,4.63,4.49,78.8,81.2,77.0,1.0,6.6
S0557,University A,Mathematics,Mindset Only,18,Traditional (18-22),Female,White,20.5,3.73,3.15,4.05,3.56,3.97,2.25,4.78,4.04,4.47,2.3,4.78,5.27,,,4.95,4.77,4.63,73.4,75.0,80.4,0.946,5.8
S0558,University C,Physics,AI + Mindset,42,Non-traditional (>22),Female,White,21.3,3.44,3.87,4.14,4.89,4.24,3.25,4.75,5.34,4.93,2.99,4.75,5.18,4.95,5.19,5.39,4.29,4.03,85.8,89.4,81.6,0.843,10.0
S0559,University A,Biology,Control,18,Traditional (18-22),Male,White,23.8,4.32,3.65,3.09,4.31,4.36,4.06,3.27,4.27,3.49,3.62,4.0,4.65,,,4.03,3.91,3.23,72.8,78.7,78.2,0.871,8.7
S0560,University B,Mathematics,AI Only,22,Traditional (18-22),Male,Hispanic/Latino,20.8,3.98,4.16,3.4,4.9,4.19,3.89,3.54,4.84,4.77,2.47,4.42,4.37,4.13,4.0,3.71,4.07,2.95,76.7,80.6,79.0,0.858,7.6
S0561,University B,Chemistry,AI Only,29,Non-traditional (>22),Female,White,23.0,3.83,2.73,3.41,4.38,4.48,2.73,4.28,4.97,4.94,3.38,4.11,4.14,4.99,3.93,4.08,4.42,4.39,81.8,81.4,80.1,0.85,7.6
S0562,University B,Physics,Control,22,Traditional (18-22),Male,Hispanic/Latino,24.0,4.08,3.8,3.98,4.15,3.78,3.8,3.97,4.57,4.0,3.43,3.33,3.96,,,3.92,3.71,5.14,82.9,86.9,83.0,0.824,6.1
S0563,University C,Chemistry,Mindset Only,27,Non-traditional (>22),Female,White,20.9,3.43,4.91,3.14,4.2,4.01,5.13,3.73,4.49,4.51,2.74,4.52,4.48,,,4.65,3.82,4.76,72.7,76.7,78.3,0.86,8.2
S0564,University A,Biology,Control,22,Traditional (18-22),Male,Asian,21.8,4.49,3.56,3.73,4.88,4.37,3.23,3.85,5.01,4.36,3.54,3.6,3.77,,,3.27,3.98,4.46,81.6,79.8,80.4,0.985,7.8
S0565,University B,Mathematics,AI + Mindset,20,Traditional (18-22),Male,Other,27.4,3.7,4.17,4.08,4.0,4.63,3.25,4.54,5.07,5.07,1.91,5.2,5.74,4.4,4.18,4.93,4.22,4.26,89.4,89.6,89.3,0.821,11.2
S0566,University B,Engineering,AI + Mindset,19,Traditional (18-22),Male,White,24.8,3.81,3.0,3.99,4.19,4.75,2.36,4.65,5.54,5.26,2.05,4.99,5.79,4.63,5.05,4.86,4.06,4.06,85.2,86.0,85.4,0.928,8.9
S0567,University C,Mathematics,AI + Mindset,44,Non-traditional (>22),Male,Hispanic/Latino,24.7,4.48,3.33,3.03,4.4,5.32,3.05,3.33,4.92,4.92,1.59,4.61,5.06,4.33,3.93,4.43,3.38,4.76,85.6,87.2,91.5,0.922,10.6
S0568,University B,Physics,AI + Mindset,22,Traditional (18-22),Male,Hispanic/Latino,21.3,4.33,3.2,3.93,3.84,4.88,2.14,4.57,4.83,5.73,2.4,4.69,5.57,4.08,4.22,4.66,4.24,4.39,80.5,76.7,91.1,0.723,9.0
S0569,University B,Mathematics,Mindset Only,20,Traditional (18-22),Female,Black/African American,23.3,4.19,3.36,4.05,4.42,4.16,3.2,4.91,5.3,3.92,3.05,4.59,5.54,,,5.04,3.53,4.7,80.7,80.8,84.0,0.94,6.3
S0570,University C,Mathematics,AI Only,29,Non-traditional (>22),Male,Black/African American,25.7,4.17,3.85,3.68,3.31,4.22,3.38,3.76,3.58,5.16,2.94,4.23,4.23,4.41,3.17,4.28,4.33,4.35,77.2,79.0,77.5,0.745,11.1
S0571,University A,Mathematics,AI + Mindset,36,Non-traditional (>22),Male,Hispanic/Latino,24.6,4.43,2.76,3.51,4.38,5.14,1.85,4.28,4.85,5.16,2.71,4.24,5.12,5.79,4.25,5.74,4.52,5.11,85.9,85.4,87.6,0.99,11.3
S0572,University A,Mathematics,Control,25,Non-traditional (>22),Female,White,22.5,4.32,3.45,3.59,4.39,4.29,4.12,3.96,4.67,4.08,3.5,3.48,3.55,,,4.3,4.1,4.28,76.2,78.5,73.0,0.907,8.9
S0573,University A,Physics,AI Only,23,Non-traditional (>22),Female,White,25.3,4.16,4.2,3.89,4.66,4.45,3.38,4.15,4.59,5.13,2.13,3.93,4.0,4.48,4.06,3.94,3.96,4.66,75.0,77.0,75.3,0.843,3.5
S0574,University B,Chemistry,Mindset Only,39,Non-traditional (>22),Male,Other,23.3,3.5,3.04,3.52,4.51,3.79,2.69,3.98,4.67,4.75,2.53,4.33,5.01,,,4.63,4.58,4.35,81.8,84.0,85.6,0.853,8.4
S0575,University C,Biology,AI + Mindset,22,Traditional (18-22),Female,White,19.0,3.75,3.73,3.91,4.75,4.64,2.87,4.28,5.19,5.31,1.89,4.65,5.54,3.88,3.95,4.24,5.18,3.86,82.6,82.8,84.9,0.896,11.3
S0576,University A,Engineering,Mindset Only,30,Non-traditional (>22),Female,Hispanic/Latino,22.7,3.73,3.79,2.92,3.54,3.79,3.8,3.32,4.23,4.42,2.43,4.61,4.27,,,4.79,3.36,3.91,79.3,79.7,81.3,0.777,8.0
S0577,University A,Physics,Mindset Only,18,Traditional (18-22),Female,Other,23.4,3.81,3.22,3.64,3.6,4.19,3.24,3.96,3.93,4.58,3.27,4.74,5.95,,,4.03,4.47,4.21,76.5,81.1,72.8,0.689,5.8
S0578,University C,Mathematics,AI + Mindset,18,Traditional (18-22),Female,Hispanic/Latino,22.4,3.91,3.86,3.64,3.87,4.67,2.62,4.08,4.18,5.37,2.31,4.53,5.03,4.15,3.94,4.53,5.23,4.08,84.1,84.3,83.8,0.955,6.0
S0579,University A,Engineering,AI + Mindset,23,Non-traditional (>22),Male,White,19.6,4.54,4.27,3.65,4.17,5.33,3.24,4.24,5.41,4.84,2.06,4.94,4.97,3.46,3.99,4.67,3.83,4.29,71.0,73.3,75.9,0.945,9.4
S0580,University A,Computer Science,Mindset Only,19,Traditional (18-22),Other,White,23.5,4.18,3.31,3.85,4.98,4.32,3.67,3.92,5.04,4.48,2.43,4.43,5.28,,,5.0,3.93,4.76,73.9,73.4,75.7,0.756,7.2
S0581,University A,Chemistry,Mindset Only,31,Non-traditional (>22),Female,White,23.0,4.29,3.76,3.86,4.55,4.78,3.9,4.12,4.85,4.12,3.84,4.34,4.58,,,5.63,3.98,3.87,81.2,80.6,81.2,0.877,8.6
S0582,University A,Computer Science,AI Only,35,Non-traditional (>22),Male,Hispanic/Latino,22.8,3.23,3.42,4.11,3.97,3.47,3.55,4.25,4.15,4.63,2.93,4.27,3.95,4.8,4.11,4.24,3.15,3.66,82.4,76.8,80.2,1.0,12.0
S0583,University C,Biology,Control,24,Non-traditional (>22),Male,White,21.9,4.51,3.31,4.5,3.96,3.92,2.8,4.09,3.74,3.91,3.38,4.07,4.47,,,3.97,4.51,4.19,71.8,75.2,72.0,0.732,4.8
S0584,University A,Physics,Control,21,Traditional (18-22),Female,White,23.6,4.75,3.26,4.07,4.48,4.81,3.26,3.8,3.79,4.3,4.17,3.7,3.79,,,3.74,3.54,4.36,79.7,76.4,80.2,0.952,8.3
S0585,University B,Chemistry,AI + Mindset,20,Traditional (18-22),Male,Hispanic/Latino,21.3,4.1,4.72,3.46,3.31,4.55,2.87,4.82,4.1,5.07,1.03,5.25,5.64,5.02,4.78,4.6,4.84,4.37,90.5,96.4,91.1,0.824,6.1
S0586,University B,Engineering,AI Only,20,Traditional (18-22),Male,White,20.9,3.66,3.18,3.69,4.87,4.74,1.74,3.96,4.65,4.82,1.35,3.83,4.73,3.78,4.23,4.51,3.8,3.47,73.3,70.1,67.8,0.775,5.4
S0587,University A,Chemistry,AI Only,22,Traditional (18-22),Female,White,23.8,3.46,3.66,3.42,4.43,4.63,3.33,3.67,4.93,4.88,2.62,3.84,4.75,4.08,5.3,4.85,4.64,3.9,82.6,80.8,86.5,0.88,6.3
S0588,University B,Biology,AI Only,39,Non-traditional (>22),Female,White,23.5,3.98,3.68,3.07,4.63,4.15,3.17,3.44,4.77,4.2,3.01,4.3,4.83,4.56,3.5,4.5,3.59,4.54,84.3,88.5,88.8,0.866,2.7
S0589,University A,Physics,Control,21,Traditional (18-22),Male,Hispanic/Latino,16.1,3.73,3.85,3.97,3.65,3.92,3.81,4.35,3.44,3.53,3.99,3.95,4.09,,,4.92,4.47,3.72,71.2,69.3,73.7,0.805,5.9
S0590,University C,Computer Science,AI Only,30,Non-traditional (>22),Other,White,21.6,3.22,3.13,3.58,4.06,3.32,2.41,3.77,3.97,4.85,1.94,4.48,4.9,4.75,3.75,4.12,3.81,4.31,80.3,81.9,85.0,1.0,10.8
S0591,University C,Engineering,Control,25,Non-traditional (>22),Male,White,19.2,4.13,3.71,3.42,4.23,3.85,4.26,3.08,4.03,3.94,3.44,3.55,4.55,,,4.07,3.64,4.46,73.6,69.9,70.1,0.973,8.9
S0592,University B,Mathematics,Control,18,Traditional (18-22),Female,White,20.7,3.92,4.25,3.42,4.5,3.7,4.18,3.1,4.27,4.02,3.11,3.3,4.37,,,5.27,4.12,3.73,70.9,72.1,78.1,0.872,8.2
S0593,University B,Physics,AI Only,29,Non-traditional (>22),Male,Black/African American,26.5,3.88,3.4,4.19,4.14,4.62,2.93,4.02,3.91,4.21,2.35,4.47,4.5,4.88,4.45,4.05,4.3,4.08,83.1,82.5,88.7,0.821,10.3
S0594,University A,Physics,AI Only,21,Traditional (18-22),Male,White,27.0,4.57,3.11,4.09,3.77,5.63,2.54,4.42,3.72,5.17,2.62,4.2,4.5,4.69,4.88,4.44,4.14,3.84,82.2,80.3,85.1,0.879,7.9
S0595,University A,Engineering,Control,19,Traditional (18-22),Male,White,17.9,3.71,3.5,3.81,3.82,3.57,3.83,3.96,3.73,4.05,3.83,4.1,4.35,,,4.37,4.02,3.84,69.8,72.9,66.5,0.9,8.9
S0596,University C,Chemistry,AI + Mindset,38,Non-traditional (>22),Female,Black/African American,20.6,3.88,3.48,4.37,4.08,4.1,2.69,5.26,4.63,5.24,1.91,5.12,4.61,4.54,5.16,4.37,4.03,6.0,84.8,90.6,89.7,0.828,9.1
S0597,University B,Mathematics,AI + Mindset,25,Non-traditional (>22),Male,Asian,25.2,4.76,3.5,4.58,4.8,5.2,2.07,5.0,5.13,4.52,2.02,4.3,4.8,4.48,5.24,4.19,4.46,4.16,91.0,91.6,93.3,0.903,10.6
S0598,University C,Biology,AI Only,32,Non-traditional (>22),Female,Asian,22.9,4.38,2.88,4.03,3.68,4.97,2.58,4.2,3.82,4.91,2.77,4.25,4.45,4.73,4.41,3.33,4.29,3.24,80.2,80.6,86.5,0.946,10.3
S0599,University C,Chemistry,AI Only,22,Traditional (18-22),Male,Black/African American,23.5,3.77,3.18,3.85,3.98,4.76,3.0,4.5,4.05,4.87,2.03,4.11,4.62,3.57,4.19,3.41,4.12,4.08,76.4,73.5,78.7,0.842,6.9
S0600,University A,Physics,Control,21,Traditional (18-22),Female,Black/African American,20.4,3.77,4.41,4.32,4.11,4.03,3.98,4.48,3.98,3.8,2.79,4.22,4.07,,,4.09,3.31,3.71,78.4,79.8,74.9,0.813,8.7
S0601,University A,Mathematics,AI + Mindset,19,Traditional (18-22),Female,Black/African American,19.3,4.29,3.0,3.95,4.6,5.33,1.9,3.95,5.45,5.14,1.49,4.91,5.6,4.61,4.46,5.25,4.62,3.76,87.9,92.6,93.2,0.949,9.6
S0602,University C,Computer Science,AI Only,19,Traditional (18-22),Male,White,21.9,4.28,3.94,4.14,4.26,4.91,3.67,4.91,4.1,5.05,2.11,4.1,5.27,3.78,4.5,3.71,4.26,4.25,85.7,83.9,90.2,0.902,5.5
S0603,University B,Chemistry,AI + Mindset,18,Traditional (18-22),Female,Hispanic/Latino,24.3,4.01,3.58,2.84,4.21,4.8,2.8,3.36,4.89,5.72,1.6,4.71,5.48,4.22,4.4,5.41,4.78,4.92,82.7,84.3,90.5,0.767,9.8
S0604,University C,Biology,Control,19,Traditional (18-22),Male,Black/African American,20.8,3.89,2.8,4.01,4.44,3.77,2.89,3.73,4.06,4.14,3.22,3.85,3.98,,,4.17,3.53,3.61,72.3,71.1,77.0,0.836,6.9
S0605,University B,Chemistry,Mindset Only,19,Traditional (18-22),Male,White,23.7,3.94,3.74,3.49,3.97,4.59,3.62,4.21,4.02,4.13,2.85,4.69,4.64,,,4.76,4.95,4.05,89.7,87.7,97.8,0.887,9.2
S0606,University A,Computer Science,AI Only,31,Non-traditional (>22),Male,White,23.2,4.21,3.34,4.08,4.71,4.48,3.35,4.94,4.87,4.44,3.45,4.34,4.17,6.14,3.58,4.4,4.54,4.15,82.5,84.9,82.2,0.874,8.4
S0607,University A,Computer Science,Control,26,Non-traditional (>22),Male,White,22.0,3.65,3.1,3.91,4.36,3.58,3.7,4.14,4.25,4.02,3.75,3.6,4.02,,,4.14,4.18,4.74,64.8,60.9,70.8,0.902,6.8
S0608,University C,Engineering,AI + Mindset,22,Traditional (18-22),Male,White,26.6,3.98,2.94,3.29,4.51,5.05,2.63,4.21,5.28,5.55,2.46,4.62,5.66,4.53,4.83,3.94,4.2,4.45,89.6,91.1,91.9,0.867,8.4
S0609,University C,Chemistry,AI Only,34,Non-traditional (>22),Male,White,20.1,3.8,3.68,4.07,4.42,3.69,3.24,3.75,5.09,4.47,3.24,4.61,3.93,3.39,4.19,4.37,4.58,4.22,75.6,74.5,72.1,0.808,8.5
S0610,University B,Engineering,Mindset Only,32,Non-traditional (>22),Male,White,23.6,3.67,3.07,4.36,4.32,3.58,3.09,4.62,4.17,4.51,3.23,4.11,4.6,,,4.85,4.45,5.21,75.8,74.3,73.6,0.873,6.8
S0611,University B,Engineering,Control,42,Non-traditional (>22),Female,Hispanic/Latino,19.9,3.99,3.11,3.49,4.45,3.81,3.31,3.44,4.87,4.49,4.14,3.82,4.34,,,3.97,3.92,4.37,70.8,72.4,73.8,0.723,6.6
S0612,University A,Physics,Mindset Only,22,Traditional (18-22),Male,Hispanic/Latino,20.3,3.9,2.92,2.77,4.61,4.26,3.27,3.53,5.08,4.6,2.11,4.71,5.39,,,5.35,4.2,3.95,79.8,79.5,84.0,0.942,9.1
S0613,University A,Computer Science,AI + Mindset,22,Traditional (18-22),Female,Hispanic/Latino,27.0,4.34,3.8,3.78,3.74,5.0,2.66,4.59,5.05,5.32,1.87,4.89,5.98,4.01,3.93,4.08,5.08,4.39,87.4,85.4,85.3,0.879,11.3
S0614,University A,Biology,Control,18,Traditional (18-22),Female,Hispanic/Latino,26.6,3.86,3.56,3.94,4.65,3.94,3.13,4.06,4.99,3.58,3.26,3.93,3.74,,,3.68,3.81,4.28,71.3,68.6,76.5,0.859,7.8
S0615,University C,Engineering,AI Only,35,Non-traditional (>22),Male,White,23.3,4.1,3.29,3.71,3.84,4.44,3.42,3.77,4.27,5.09,3.15,4.14,3.95,4.97,2.82,4.0,4.32,3.17,77.8,75.3,82.8,0.858,9.0
S0616,University A,Chemistry,AI + Mindset,27,Non-traditional (>22),Female,White,21.0,3.97,2.62,4.0,4.22,5.06,2.1,4.13,4.21,5.39,2.67,4.64,5.2,3.75,4.68,5.45,4.49,4.78,74.7,78.5,76.4,0.78,6.5
S0617,University A,Mathematics,Mindset Only,38,Non-traditional (>22),Male,White,24.5,4.09,2.78,4.42,4.21,4.11,2.38,4.39,4.7,4.0,2.52,4.57,4.78,,,4.32,4.05,4.62,78.1,77.7,88.1,0.901,12.2
S0618,University C,Biology,AI + Mindset,18,Traditional (18-22),Female,Black/African American,23.2,4.09,3.83,3.16,4.3,4.96,2.5,4.08,4.58,5.15,1.8,4.94,6.0,3.63,5.39,4.85,4.35,4.74,88.1,85.2,95.0,0.831,8.3
S0619,University A,Biology,Mindset Only,38,Non-traditional (>22),Female,Black/African American,23.5,3.92,3.77,4.34,4.65,4.14,3.2,4.59,5.17,4.92,2.75,4.58,4.81,,,4.29,4.1,4.35,72.8,74.8,79.1,0.785,5.9
S0620,University A,Biology,AI + Mindset,18,Traditional (18-22),Male,Asian,21.8,3.39,3.37,3.9,4.91,4.37,2.68,4.97,5.42,5.37,2.31,5.15,5.81,4.26,4.21,5.28,3.91,4.58,87.0,86.6,98.8,0.88,11.4
S0621,University A,Physics,Mindset Only,21,Traditional (18-22),Female,White,24.4,3.6,3.3,3.88,3.95,4.13,3.3,4.55,4.83,4.57,3.49,5.19,5.58,,,5.07,4.81,4.55,76.3,73.6,82.1,0.798,6.3
S0622,University A,Mathematics,Control,21,Traditional (18-22),Male,White,21.7,4.73,3.54,4.74,4.34,4.67,3.18,4.3,4.04,4.0,3.77,3.74,4.37,,,4.64,3.86,4.93,75.1,72.5,78.7,0.808,8.4
S0623,University B,Computer Science,Mindset Only,32,Non-traditional (>22),Female,Hispanic/Latino,25.8,4.09,2.82,3.32,4.87,4.14,2.26,4.1,5.56,4.68,2.28,3.93,4.81,,,4.97,4.33,4.86,74.8,78.6,73.0,0.727,8.2
S0624,University A,Mathematics,AI Only,20,Traditional (18-22),Female,White,21.6,4.13,2.81,3.31,4.32,4.43,2.54,3.69,4.02,4.76,2.89,4.05,4.66,4.6,4.64,3.96,4.52,3.84,72.6,78.2,73.1,0.826,8.6
S0625,University C,Mathematics,Control,22,Traditional (18-22),Male,White,22.0,3.79,3.39,4.61,4.03,3.47,3.63,4.57,3.61,3.63,3.46,3.59,4.34,,,4.87,3.23,4.21,78.7,85.4,79.3,0.831,8.7
S0626,University A,Mathematics,AI + Mindset,18,Traditional (18-22),Female,Hispanic/Latino,26.7,3.94,2.61,3.76,3.59,4.59,1.51,4.13,4.01,5.06,2.07,5.24,5.08,5.45,4.02,4.6,4.35,4.29,95.6,92.0,100.0,0.906,12.6
S0627,University B,Physics,Mindset Only,29,Non-traditional (>22),Female,White,25.9,4.06,3.36,3.93,3.81,4.16,2.38,4.4,4.09,4.54,2.75,4.57,5.57,,,4.44,4.84,3.93,78.5,80.4,81.0,0.78,8.8
S0628,University B,Physics,AI Only,20,Traditional (18-22),Male,Black/African American,22.2,4.04,2.91,4.1,4.11,4.33,1.75,4.35,4.3,4.73,2.78,4.5,4.61,4.49,3.87,3.54,3.84,3.69,78.9,77.3,82.9,0.89,8.5
S0629,University C,Physics,AI Only,26,Non-traditional (>22),Female,White,24.4,3.67,4.48,3.9,4.03,4.25,4.39,4.28,3.88,4.86,3.03,4.25,4.1,4.51,4.5,3.77,3.87,4.38,77.2,80.6,77.8,0.855,3.8
S0630,University A,Chemistry,Mindset Only,25,Non-traditional (>22),Male,Hispanic/Latino,21.9,4.3,4.23,4.33,3.74,4.55,4.23,5.12,4.23,4.56,2.9,4.22,4.95,,,4.45,4.17,4.01,74.9,72.8,78.6,0.995,7.5
S0631,University A,Chemistry,Mindset Only,27,Non-traditional (>22),Male,White,22.6,3.61,3.26,4.17,3.49,3.25,3.16,4.76,4.17,4.55,3.46,4.57,5.1,,,4.63,4.23,4.83,83.9,81.1,81.2,0.822,8.1
S0632,University B,Biology,Control,26,Non-traditional (>22),Male,White,24.6,4.21,3.3,3.76,3.73,4.35,3.43,3.7,3.74,4.05,3.48,3.47,4.91,,,3.65,3.65,4.54,74.7,73.8,74.7,0.787,5.9
S0633,University C,Engineering,AI + Mindset,29,Non-traditional (>22),Female,White,27.8,3.64,3.17,3.93,5.13,4.44,2.41,4.28,5.46,5.18,2.79,4.35,5.46,4.43,4.04,5.86,4.09,4.06,80.1,83.3,81.2,0.902,8.0
S0634,University C,Engineering,Mindset Only,22,Traditional (18-22),Male,Black/African American,24.0,3.67,3.66,3.93,4.35,3.73,3.47,4.97,4.79,4.92,2.88,4.64,5.11,,,4.86,4.61,4.24,76.3,77.1,70.9,0.874,8.6
S0635,University A,Engineering,AI + Mindset,31,Non-traditional (>22),Female,Black/African American,19.2,4.43,3.65,3.91,4.61,5.06,3.34,4.19,5.63,4.83,2.2,4.73,4.96,4.81,4.05,4.86,3.38,4.12,80.0,80.9,77.2,0.876,8.9
S0636,University A,Mathematics,Mindset Only,25,Non-traditional (>22),Female,White,24.3,4.28,2.71,4.0,4.75,4.28,2.36,4.32,5.19,4.83,3.66,4.62,5.13,,,4.84,4.03,3.59,70.6,68.9,72.8,0.878,3.5
S0637,University C,Engineering,Control,21,Traditional (18-22),Female,Hispanic/Latino,20.1,3.84,2.76,3.17,3.97,3.98,2.59,2.97,4.07,3.54,3.93,4.04,4.55,,,4.65,3.64,3.86,77.2,67.5,77.0,0.884,7.4
S0638,University A,Biology,AI Only,21,Traditional (18-22),Male,Hispanic/Latino,23.6,4.19,3.51,4.23,5.15,4.71,2.53,4.91,6.0,4.73,2.53,4.52,5.21,3.82,4.82,3.3,4.26,4.35,76.3,76.7,78.4,0.868,9.0
S0639,University C,Chemistry,AI + Mindset,39,Non-traditional (>22),Female,Hispanic/Latino,23.5,4.46,2.75,3.47,3.78,4.87,2.25,4.15,4.29,4.83,2.08,4.82,5.16,5.26,3.61,5.34,4.25,4.61,87.3,83.4,81.3,0.954,10.7
S0640,University C,Chemistry,Mindset Only,19,Traditional (18-22),Male,Hispanic/Latino,25.5,3.98,3.06,3.15,4.41,4.42,2.51,3.96,4.85,4.83,3.14,4.54,5.21,,,5.38,3.86,4.55,75.5,75.1,77.5,0.823,8.5
S0641,University B,Chemistry,Control,28,Non-traditional (>22),Female,White,20.5,3.78,3.21,4.04,4.3,3.49,2.57,4.15,3.98,4.38,3.62,3.83,4.33,,,3.09,4.38,4.23,84.1,80.3,94.5,1.0,8.0
S0642,University C,Mathematics,AI + Mindset,22,Traditional (18-22),Female,Asian,21.7,4.1,3.06,3.49,4.08,4.81,2.62,4.25,5.11,4.92,2.1,5.04,5.89,5.2,4.44,4.82,4.16,4.58,89.1,84.7,83.7,0.878,6.8
S0643,University A,Mathematics,Control,22,Traditional (18-22),Female,Asian,24.5,4.29,3.9,3.68,4.45,4.63,3.86,3.53,4.85,4.01,3.86,3.68,4.13,,,4.56,2.8,3.31,79.8,77.8,84.3,0.86,4.8
S0644,University B,Biology,Control,34,Non-traditional (>22),Other,Hispanic/Latino,23.7,4.67,4.46,3.68,4.06,4.65,4.82,3.64,3.98,3.89,2.9,4.1,3.74,,,4.51,4.0,4.1,77.6,80.9,79.8,0.846,6.5
S0645,University A,Biology,Control,36,Non-traditional (>22),Male,White,18.0,3.81,4.19,2.91,4.17,3.72,4.18,3.01,4.17,3.96,3.73,3.08,4.54,,,5.04,4.43,4.83,77.2,73.2,79.6,0.855,8.1
S0646,University C,Engineering,Mindset Only,41,Non-traditional (>22),Female,White,24.3,3.79,3.13,4.27,4.63,4.17,2.73,4.94,4.76,4.68,3.88,3.94,5.05,,,3.53,4.11,4.97,79.2,83.5,87.7,0.957,9.1
S0647,University C,Computer Science,AI + Mindset,35,Non-traditional (>22),Female,White,24.3,3.68,4.33,3.7,3.22,4.62,3.58,3.62,3.66,4.61,3.3,4.69,4.83,3.83,3.65,4.82,4.02,3.72,76.6,78.2,80.3,0.999,6.5
S0648,University A,Chemistry,Control,43,Non-traditional (>22),Female,White,23.3,4.0,2.99,3.81,3.67,3.97,3.64,4.06,3.39,4.35,4.14,4.04,4.21,,,4.33,4.89,4.58,79.4,79.2,78.1,0.858,10.5
S0649,University B,Mathematics,AI + Mindset,20,Traditional (18-22),Male,Hispanic/Latino,23.6,4.01,4.11,3.17,4.11,5.06,3.15,3.72,4.75,5.35,1.73,5.0,6.0,5.33,3.86,4.62,3.88,4.26,78.7,79.7,74.5,0.871,9.8
S0650,University C,Computer Science,Control,29,Non-traditional (>22),Female,Asian,21.5,3.97,3.48,4.17,4.59,3.68,3.91,4.4,4.58,3.95,4.05,3.86,4.09,,,4.32,4.43,3.68,74.4,70.0,77.2,0.82,9.0
S0651,University A,Biology,AI + Mindset,18,Traditional (18-22),Male,White,26.4,4.47,3.75,3.78,4.4,5.0,3.13,4.61,5.22,5.75,2.01,5.25,5.87,3.83,3.99,5.69,3.87,3.83,86.8,86.3,89.7,0.863,8.5
S0652,University C,Biology,AI + Mindset,32,Non-traditional (>22),Male,Hispanic/Latino,28.4,4.29,4.16,3.55,4.2,4.8,3.75,4.39,5.38,4.57,1.74,4.23,4.87,4.46,4.62,5.66,4.26,4.18,85.7,84.5,88.3,0.951,10.3
S0653,University A,Physics,Mindset Only,18,Traditional (18-22),Male,Black/African American,19.9,4.57,3.57,4.48,4.54,4.99,4.02,4.87,4.79,3.81,2.77,4.92,5.17,,,5.62,4.12,4.28,76.4,81.2,80.8,0.966,9.9
S0654,University A,Mathematics,AI + Mindset,29,Non-traditional (>22),Male,Hispanic/Latino,27.5,3.71,3.86,3.38,3.81,4.57,3.42,3.97,4.57,4.55,2.62,4.73,5.01,3.68,3.09,3.73,4.13,4.71,80.8,79.5,81.3,0.932,5.9
S0655,University A,Mathematics,AI + Mindset,20,Traditional (18-22),Male,White,20.4,4.13,3.7,3.94,3.59,4.76,1.87,4.52,4.12,5.28,1.9,4.63,5.35,4.97,4.38,5.21,4.46,4.46,90.2,90.1,100.0,0.958,12.6
S0656,University B,Engineering,Mindset Only,23,Non-traditional (>22),Female,Black/African American,23.0,4.22,4.06,3.67,4.13,4.22,3.27,3.63,4.22,4.61,3.47,4.33,4.8,,,5.22,3.85,4.07,81.8,79.8,85.6,0.785,8.7
S0657,University B,Chemistry,AI Only,19,Traditional (18-22),Female,Hispanic/Latino,31.4,3.99,2.96,3.23,4.24,4.23,2.2,2.94,4.56,4.74,3.02,4.06,4.41,4.34,4.99,2.95,4.03,4.47,92.0,87.4,93.7,0.79,12.2
S0658,University B,Chemistry,AI + Mindset,22,Traditional (18-22),Male,Asian,21.8,3.44,3.33,3.73,4.39,4.6,2.33,4.26,5.35,5.27,1.68,4.74,5.29,4.94,4.98,4.59,4.72,4.6,87.0,82.1,80.4,1.0,7.6
S0659,University C,Physics,Control,35,Non-traditional (>22),Male,White,23.6,4.02,2.71,3.66,4.25,4.31,3.03,3.55,4.15,3.7,3.19,3.17,4.14,,,4.78,3.99,3.32,70.8,72.5,70.4,0.906,6.3
S0660,University B,Physics,Control,18,Traditional (18-22),Female,Hispanic/Latino,23.1,3.84,3.64,4.24,4.38,4.39,4.07,4.4,4.07,4.46,3.86,3.64,4.59,,,4.08,3.95,4.39,78.2,77.7,80.5,0.915,9.6
S0661,University B,Computer Science,Mindset Only,20,Traditional (18-22),Other,Hispanic/Latino,24.6,4.22,3.69,3.76,4.19,4.68,3.32,4.59,5.03,4.46,3.1,4.97,5.14,,,4.76,4.42,3.91,69.3,72.9,67.1,0.747,8.4
S0662,University A,Chemistry,AI + Mindset,18,Traditional (18-22),Female,White,20.9,3.92,4.0,3.4,3.93,4.85,2.95,3.86,4.93,5.81,2.22,4.55,4.92,5.13,3.94,4.81,4.03,3.65,77.9,79.5,83.2,0.846,4.8
S0663,University A,Engineering,AI Only,24,Non-traditional (>22),Male,Black/African American,22.3,3.94,3.03,4.16,3.49,4.56,3.05,5.05,3.41,4.89,2.09,3.98,4.32,4.6,4.4,4.26,3.92,4.16,72.9,71.2,75.1,0.842,9.5
S0664,University A,Computer Science,AI + Mindset,19,Traditional (18-22),Female,Asian,22.7,3.99,3.2,3.51,4.05,4.72,2.61,4.06,4.79,5.57,1.44,4.82,5.64,5.16,4.78,5.38,4.52,5.12,89.9,92.2,90.5,0.859,11.2
S0665,University C,Computer Science,Mindset Only,26,Non-traditional (>22),Male,Asian,22.7,4.43,4.09,3.67,5.04,4.35,3.34,3.64,5.08,4.12,3.04,3.94,4.85,,,5.23,4.79,4.67,76.7,79.0,85.4,0.993,4.4
S0666,University B,Chemistry,AI Only,21,Traditional (18-22),Female,White,26.3,3.57,3.27,3.51,3.7,4.46,2.66,3.63,3.89,5.07,2.32,4.17,4.84,4.04,4.29,4.06,3.7,4.21,78.1,81.7,84.2,0.904,7.0
S0667,University C,Mathematics,AI + Mindset,20,Traditional (18-22),Female,Hispanic/Latino,24.5,3.63,3.37,3.55,4.4,4.73,2.15,4.01,5.45,5.52,1.44,5.24,5.72,5.17,3.71,4.05,5.01,4.86,86.0,83.0,86.8,0.802,7.9
S0668,University B,Biology,AI Only,18,Traditional (18-22),Male,Black/African American,25.4,3.51,3.57,4.04,4.78,4.29,3.42,4.02,4.9,4.91,2.46,4.66,4.84,4.98,4.37,4.34,3.69,4.89,77.2,78.5,83.8,0.845,8.1
S0669,University C,Biology,AI Only,25,Non-traditional (>22),Female,White,25.9,4.63,3.66,3.75,3.87,5.62,3.44,3.66,3.67,4.59,2.16,3.44,4.5,4.79,4.51,4.71,4.25,4.24,79.4,83.1,77.2,1.0,2.9
S0670,University A,Physics,AI Only,22,Traditional (18-22),Female,White,21.4,4.6,3.95,3.51,4.35,5.19,2.77,3.92,5.12,5.01,2.42,3.82,4.54,4.61,4.56,4.43,4.35,4.18,80.4,80.5,76.0,0.869,6.1
S0671,University A,Computer Science,AI + Mindset,21,Traditional (18-22),Male,Black/African American,19.1,3.71,3.32,4.65,3.46,4.35,3.15,5.36,4.04,5.49,2.05,5.1,5.17,4.31,4.4,4.47,4.09,4.41,83.3,86.8,85.5,0.847,9.2
S0672,University C,Computer Science,Control,19,Traditional (18-22),Male,Hispanic/Latino,24.9,4.18,3.94,3.31,4.58,3.61,3.33,3.04,4.71,4.27,3.86,3.61,4.2,,,4.29,4.07,4.87,69.9,71.7,68.7,0.681,9.4
S0673,University C,Computer Science,Mindset Only,38,Non-traditional (>22),Female,Black/African American,24.6,4.72,4.27,4.13,5.19,4.88,3.94,4.47,6.0,4.15,3.05,4.06,4.5,,,4.46,4.59,4.07,68.9,70.7,77.9,0.837,4.4
S0674,University B,Mathematics,Mindset Only,19,Traditional (18-22),Male,White,25.3,4.64,2.24,3.47,4.08,5.13,1.29,3.68,4.69,4.23,3.1,4.44,5.25,,,4.9,4.34,4.62,79.2,79.5,82.7,0.898,9.1
S0675,University B,Mathematics,AI Only,22,Traditional (18-22),Female,White,23.4,3.98,3.92,3.1,3.76,5.09,2.95,2.84,3.77,4.83,2.13,4.6,4.68,3.66,4.07,3.81,4.35,4.47,81.2,78.9,85.8,0.92,6.7
S0676,University C,Physics,Control,18,Traditional (18-22),Male,Black/African American,21.6,3.5,3.42,3.59,4.07,3.39,3.48,3.78,4.03,4.07,3.94,3.99,4.25,,,3.4,3.73,3.37,69.8,72.7,70.2,0.841,12.5
S0677,University B,Engineering,Control,26,Non-traditional (>22),Female,Hispanic/Latino,19.7,3.36,3.48,3.32,4.26,3.13,3.46,2.77,4.53,4.26,2.94,3.75,4.07,,,3.87,3.7,3.79,68.0,71.3,67.8,1.0,8.8
S0678,University B,Physics,AI Only,20,Traditional (18-22),Female,White,25.2,4.11,4.04,4.18,4.26,5.27,3.61,4.86,4.54,4.91,2.0,4.76,4.86,5.12,3.84,3.58,4.54,3.93,78.3,77.2,84.2,0.919,9.0
S0679,University B,Chemistry,AI + Mindset,41,Non-traditional (>22),Male,White,26.6,4.28,3.72,3.4,3.92,5.04,3.19,3.49,4.18,4.99,2.31,4.49,5.23,3.63,5.39,5.19,3.71,4.73,81.9,79.6,80.6,0.892,6.6
S0680,University B,Mathematics,Control,22,Traditional (18-22),Male,Hispanic/Latino,21.8,4.33,3.22,4.12,4.1,4.62,2.9,3.9,3.96,3.46,2.92,3.27,4.43,,,4.2,3.74,4.33,90.3,92.8,88.0,0.85,9.0
S0681,University C,Physics,AI Only,19,Traditional (18-22),Female,White,23.6,3.75,3.92,4.19,4.51,4.57,3.5,4.52,4.68,5.31,2.26,3.9,4.92,4.75,3.88,3.67,4.05,3.92,83.5,87.2,84.0,0.905,7.2
S0682,University B,Physics,AI Only,38,Non-traditional (>22),Male,White,19.4,3.3,3.7,3.84,4.05,3.81,3.16,3.93,3.82,4.74,3.1,4.23,4.28,4.73,4.44,3.92,4.74,4.43,83.1,84.4,79.9,0.82,9.7
S0683,University A,Computer Science,Control,21,Traditional (18-22),Male,White,24.4,3.9,2.49,2.79,4.32,3.93,2.57,2.94,3.88,4.05,3.76,3.52,4.24,,,3.28,4.04,4.12,70.8,68.4,74.5,0.896,7.1
S0684,University A,Computer Science,AI Only,22,Traditional (18-22),Male,Black/African American,23.0,3.26,3.36,3.6,3.7,4.01,2.97,3.95,3.79,4.69,2.28,4.43,4.31,5.06,3.98,3.87,4.07,5.55,75.9,76.4,75.3,0.908,7.2
S0685,University A,Physics,Mindset Only,20,Traditional (18-22),Male,Hispanic/Latino,27.3,3.58,3.83,3.76,4.78,4.63,4.27,3.97,5.1,4.53,2.76,4.62,5.47,,,4.87,4.16,4.51,87.4,92.5,89.0,0.826,6.5
S0686,University C,Mathematics,Mindset Only,40,Non-traditional (>22),Female,White,23.0,4.42,3.26,3.25,4.23,4.75,2.96,4.03,3.87,4.2,2.59,4.65,4.84,,,5.44,3.77,4.06,78.4,81.8,83.6,0.897,2.0
S0687,University C,Chemistry,Mindset Only,21,Traditional (18-22),Male,Hispanic/Latino,20.5,4.24,3.61,4.49,3.99,4.0,3.14,4.2,4.77,4.62,3.08,4.76,4.76,,,3.5,3.5,4.05,73.1,73.0,76.7,0.889,9.9
S0688,University A,Chemistry,AI Only,18,Traditional (18-22),Male,White,23.3,4.2,3.6,3.65,4.06,4.63,2.82,3.79,4.17,4.72,2.29,4.23,4.41,3.91,3.96,3.73,4.33,3.82,79.7,80.6,82.8,0.759,12.1
S0689,University C,Computer Science,Mindset Only,21,Traditional (18-22),Female,White,15.6,4.03,3.6,4.16,4.19,4.16,3.27,4.56,4.92,5.1,3.26,4.97,5.19,,,4.64,4.13,4.45,76.2,75.9,74.2,0.899,6.6
S0690,University C,Engineering,Mindset Only,39,Non-traditional (>22),Female,Hispanic/Latino,18.0,4.22,3.62,3.83,4.29,4.08,4.13,4.45,4.86,4.48,3.19,4.24,4.74,,,5.56,3.82,4.87,70.6,75.1,73.5,0.814,8.1
S0691,University B,Mathematics,AI + Mindset,21,Traditional (18-22),Male,White,22.5,3.29,3.74,3.28,4.9,4.29,2.47,3.92,5.61,5.99,2.81,4.89,5.55,5.29,4.85,5.6,4.15,4.49,81.2,82.8,87.4,0.777,12.3
S0692,University B,Computer Science,AI + Mindset,43,Non-traditional (>22),Male,White,25.9,3.49,3.46,3.49,4.23,4.14,2.64,3.76,4.11,4.13,2.8,5.1,5.23,5.53,3.98,5.78,4.16,4.49,90.4,89.8,90.6,0.867,11.0
S0693,University A,Physics,Control,24,Non-traditional (>22),Male,Hispanic/Latino,22.0,4.18,4.23,4.12,4.24,4.18,4.35,4.35,4.01,4.02,3.19,3.94,3.95,,,3.66,3.28,3.99,73.7,76.4,71.9,0.883,9.0
S0694,University C,Computer Science,AI + Mindset,36,Non-traditional (>22),Male,White,19.7,4.43,3.49,3.88,3.66,4.96,2.98,4.45,3.96,5.17,2.54,5.21,4.91,4.98,4.72,5.32,4.68,3.67,68.7,65.4,74.8,0.902,6.9
S0695,University C,Biology,AI + Mindset,22,Traditional (18-22),Female,White,24.9,4.37,3.78,4.12,3.9,5.04,3.15,4.61,5.13,5.77,1.0,5.15,5.38,4.19,4.8,4.83,4.92,4.84,86.4,85.4,90.4,1.0,7.7
S0696,University A,Engineering,AI + Mindset,21,Traditional (18-22),Female,Hispanic/Latino,22.2,3.72,3.43,3.59,4.56,4.42,2.51,4.11,6.0,5.6,2.05,5.15,5.28,5.67,4.3,5.56,4.47,5.17,83.6,85.4,87.9,0.932,8.1
S0697,University C,Computer Science,Mindset Only,20,Traditional (18-22),Male,White,26.9,5.01,3.16,3.07,3.89,5.14,2.57,3.85,4.57,4.68,3.22,4.2,5.14,,,5.39,4.25,3.98,91.9,88.5,99.6,1.0,6.3
S0698,University A,Biology,AI + Mindset,32,Non-traditional (>22),Male,Black/African American,21.7,4.41,3.76,3.16,4.18,5.1,2.9,3.19,4.8,5.19,2.38,4.99,4.72,4.73,3.61,4.91,4.61,4.34,74.5,81.2,75.0,0.974,6.4
S0699,University A,Chemistry,Control,21,Traditional (18-22),Male,Hispanic/Latino,24.8,4.26,3.3,3.79,3.73,4.3,3.49,3.63,4.24,4.04,3.26,3.46,3.65,,,3.91,3.33,4.64,87.6,85.1,90.7,0.956,9.1
S0700,University A,Mathematics,Control,25,Non-traditional (>22),Female,White,27.4,3.24,3.43,3.99,4.21,3.35,3.14,3.81,4.17,4.64,3.2,3.45,4.24,,,4.16,3.17,4.01,74.2,70.8,76.0,0.816,7.0
S0701,University B,Physics,Control,31,Non-traditional (>22),Female,Hispanic/Latino,21.3,4.4,3.67,3.17,4.24,4.86,3.66,2.35,4.36,3.6,3.56,4.24,4.08,,,3.63,3.54,4.09,72.0,71.4,66.7,0.707,9.6
S0702,University B,Mathematics,Control,22,Traditional (18-22),Male,Hispanic/Latino,23.9,4.5,3.47,4.01,4.15,4.48,3.76,4.44,3.81,4.85,3.72,3.45,4.17,,,4.01,3.47,3.66,71.8,71.1,71.4,0.76,5.6
S0703,University A,Biology,Control,20,Traditional (18-22),Male,Hispanic/Latino,23.4,4.49,3.32,3.08,4.23,4.18,3.04,2.99,4.13,4.21,4.01,3.64,4.42,,,4.01,4.27,4.02,73.5,73.9,78.3,0.816,8.6
S0704,University C,Chemistry,AI + Mindset,22,Traditional (18-22),Female,Hispanic/Latino,22.6,3.58,2.7,4.33,3.75,4.67,1.37,5.44,5.2,5.67,1.51,4.9,5.82,5.19,3.9,5.19,4.27,5.26,84.8,79.7,82.5,0.941,10.0
S0705,University A,Physics,Control,40,Non-traditional (>22),Male,White,21.8,3.86,2.98,3.82,3.89,4.32,3.23,4.11,3.37,4.0,3.95,3.07,4.26,,,3.51,3.78,4.33,77.9,80.6,83.1,0.826,7.9
S0706,University A,Mathematics,AI Only,37,Non-traditional (>22),Female,Black/African American,23.9,3.54,3.35,4.3,4.33,4.03,2.44,4.18,4.76,4.42,2.73,3.94,4.42,3.52,4.75,4.13,4.08,4.19,75.8,74.0,75.8,0.93,6.0
S0707,University A,Engineering,Mindset Only,20,Traditional (18-22),Male,Hispanic/Latino,22.2,3.66,3.42,3.5,3.65,4.14,3.32,4.51,4.09,5.0,3.22,4.47,4.94,,,5.54,4.91,3.96,83.0,77.3,88.3,0.948,11.1
S0708,University A,Mathematics,Control,22,Traditional (18-22),Female,White,20.6,3.73,4.25,3.17,4.57,4.28,4.18,3.06,4.59,4.35,3.32,4.36,3.97,,,3.6,3.97,3.58,82.7,79.4,95.3,0.927,6.3
S0709,University A,Engineering,AI + Mindset,18,Traditional (18-22),Male,Hispanic/Latino,25.4,3.93,3.19,4.49,4.46,4.29,2.2,5.05,5.19,5.82,2.65,4.83,5.81,4.39,4.51,4.19,4.46,3.68,84.5,86.0,87.7,0.993,11.4
S0710,University C,Engineering,Mindset Only,18,Traditional (18-22),Male,Hispanic/Latino,18.0,3.97,3.55,3.7,3.47,4.42,2.75,4.47,3.88,4.48,2.41,4.75,5.08,,,4.39,3.88,4.57,73.7,76.5,75.8,0.851,10.4
S0711,University A,Mathematics,Mindset Only,22,Traditional (18-22),Female,Hispanic/Latino,25.5,4.34,3.57,3.64,4.55,3.98,3.79,4.35,5.62,4.94,3.26,4.87,5.38,,,4.73,4.24,4.21,78.3,75.0,85.0,0.913,7.1
S0712,University B,Mathematics,AI + Mindset,43,Non-traditional (>22),Male,Hispanic/Latino,19.5,3.86,3.28,3.71,4.56,4.91,3.38,3.97,5.11,4.66,3.11,4.94,4.83,4.96,4.42,4.57,3.71,4.01,75.1,79.1,73.6,0.796,9.6
S0713,University B,Computer Science,AI + Mindset,32,Non-traditional (>22),Female,Black/African American,23.4,4.4,4.41,3.95,3.78,5.03,3.56,4.7,4.37,4.94,2.36,4.6,5.14,5.62,3.96,5.13,4.77,4.22,90.9,90.6,88.9,0.749,8.0
S0714,University B,Mathematics,AI + Mindset,22,Traditional (18-22),Male,Asian,23.4,4.33,3.76,3.78,3.8,4.98,2.94,4.08,4.63,5.48,1.73,5.41,5.31,5.42,3.78,5.65,4.66,4.04,80.5,82.1,86.4,0.755,11.2
S0715,University A,Chemistry,AI Only,20,Traditional (18-22),Male,Black/African American,21.9,4.47,3.54,4.4,4.48,4.87,2.71,4.68,4.23,4.9,2.79,4.57,4.91,4.33,4.57,4.23,4.02,3.99,76.1,74.5,82.7,0.961,8.7
S0716,University C,Chemistry,AI + Mindset,20,Traditional (18-22),Male,Hispanic/Latino,22.0,3.72,3.92,4.0,4.56,5.15,2.75,5.23,5.91,5.48,2.21,4.35,5.6,5.99,4.1,5.65,4.15,4.56,88.1,85.7,87.4,0.893,8.9
S0717,University C,Mathematics,AI Only,43,Non-traditional (>22),Female,Hispanic/Latino,22.4,3.99,4.07,3.99,3.82,4.03,4.03,3.84,3.86,4.55,3.55,4.52,4.51,4.54,4.37,3.68,4.89,3.22,81.5,80.2,78.6,0.894,8.4
S0718,University C,Mathematics,AI + Mindset,30,Non-traditional (>22),Male,White,24.1,4.86,3.38,4.12,4.28,5.87,3.19,4.51,4.73,4.5,2.21,4.61,4.65,4.73,4.08,5.5,4.36,4.84,77.5,73.5,79.9,0.91,8.1
S0719,University B,Chemistry,AI + Mindset,24,Non-traditional (>22),Male,Hispanic/Latino,23.1,4.32,2.63,2.97,4.12,4.93,1.65,2.97,4.82,4.46,1.66,4.9,5.2,4.66,3.93,4.91,4.4,4.64,78.1,76.8,82.8,0.964,5.1
S0720,University B,Mathematics,AI Only,18,Traditional (18-22),Female,White,21.7,4.3,3.0,3.56,4.46,5.24,2.99,4.16,4.58,4.87,1.97,4.36,4.62,4.66,3.62,4.46,4.01,4.84,78.6,73.9,86.2,0.97,7.0
S0721,University A,Engineering,AI + Mindset,20,Traditional (18-22),Female,Black/African American,29.2,3.81,3.77,3.65,4.25,4.73,2.69,4.39,4.93,5.56,1.55,5.25,5.79,4.95,4.56,4.07,4.67,4.67,82.9,81.7,89.2,0.888,9.5
S0722,University B,Biology,AI Only,19,Traditional (18-22),Male,White,27.7,4.0,3.32,3.43,4.91,4.08,2.47,3.82,5.26,4.83,2.05,4.33,4.86,3.73,4.63,4.02,3.96,4.31,79.2,83.0,77.7,0.913,8.3
S0723,University B,Biology,AI Only,24,Non-traditional (>22),Female,White,23.3,4.05,2.89,3.59,4.09,5.15,2.1,3.75,4.07,4.82,2.9,4.04,4.17,3.86,5.27,3.85,3.82,3.98,72.0,73.5,72.0,0.75,7.3
S0724,University B,Mathematics,Control,21,Traditional (18-22),Female,Hispanic/Latino,26.7,3.65,3.11,3.86,4.75,3.97,3.47,3.77,4.65,4.26,4.07,3.92,3.57,,,4.3,2.89,4.15,80.9,82.0,82.4,0.939,10.3
S0725,University C,Chemistry,Mindset Only,39,Non-traditional (>22),Other,White,23.9,4.19,2.95,3.88,3.94,4.27,3.2,4.28,4.19,5.01,3.64,4.44,4.86,,,4.28,4.3,4.43,77.6,74.0,76.5,0.853,11.6
S0726,University C,Mathematics,AI Only,25,Non-traditional (>22),Male,White,23.9,3.95,4.53,3.62,5.0,4.04,4.31,3.62,5.48,4.82,2.77,3.96,4.78,4.91,4.78,3.67,4.73,3.8,85.3,83.8,88.4,0.829,10.9
S0727,University B,Chemistry,Control,20,Traditional (18-22),Male,Hispanic/Latino,22.7,3.54,3.47,3.92,4.38,3.81,3.39,3.94,4.16,3.92,3.6,3.85,4.24,,,4.23,4.41,3.92,68.7,69.8,67.2,0.877,9.7
S0728,University A,Chemistry,Control,21,Traditional (18-22),Male,White,20.3,4.47,3.91,3.9,3.96,4.64,3.91,4.42,3.95,3.69,3.93,3.82,4.02,,,3.28,3.11,3.27,69.0,74.1,71.8,0.749,14.0
S0729,University A,Mathematics,Mindset Only,19,Traditional (18-22),Male,White,24.9,3.91,3.69,3.83,5.16,4.23,3.71,4.39,6.0,4.36,3.09,5.01,5.17,,,4.49,4.2,4.4,74.9,76.8,78.2,0.758,5.9
S0730,University C,Physics,Mindset Only,22,Traditional (18-22),Female,Black/African American,20.7,4.12,3.07,3.91,3.91,4.31,2.94,4.07,4.1,4.8,2.4,4.94,5.04,,,4.83,4.56,4.39,75.7,76.4,77.5,0.865,8.7
S0731,University A,Chemistry,Control,18,Traditional (18-22),Female,Hispanic/Latino,22.8,3.9,2.81,3.79,4.25,4.39,1.9,4.27,4.57,4.37,3.52,3.84,4.21,,,4.62,4.0,4.21,74.5,76.5,77.1,0.767,11.9
S0732,University B,Biology,AI Only,37,Non-traditional (>22),Female,Black/African American,20.0,4.17,3.42,3.78,4.68,4.41,2.88,3.98,4.27,4.92,3.16,4.48,4.6,4.49,3.37,4.22,3.82,4.21,78.6,77.8,70.7,0.814,10.1
S0733,University B,Engineering,Mindset Only,20,Traditional (18-22),Female,Hispanic/Latino,21.3,4.36,4.28,3.93,4.24,4.22,4.3,4.09,4.69,4.65,2.63,4.4,5.27,,,4.45,3.84,4.1,79.0,81.9,85.1,0.825,7.6
S0734,University B,Computer Science,Mindset Only,22,Traditional (18-22),Male,Asian,20.6,4.68,3.71,4.59,4.71,5.56,3.0,5.27,5.15,4.24,3.04,4.66,5.12,,,4.59,4.0,4.07,70.7,65.7,78.6,0.813,5.5
S0735,University C,Computer Science,Mindset Only,22,Traditional (18-22),Male,White,27.2,3.19,3.43,4.34,3.74,3.59,2.86,4.76,3.79,4.72,3.12,4.5,5.32,,,4.9,4.04,5.14,83.7,86.7,86.3,0.761,9.7
S0736,University B,Chemistry,AI Only,21,Traditional (18-22),Male,Hispanic/Latino,23.4,4.19,3.12,3.97,4.68,4.97,2.84,4.31,4.61,4.77,2.38,4.28,4.63,4.42,4.37,4.49,3.67,3.94,83.8,81.4,87.1,0.952,14.5
S0737,University A,Chemistry,AI Only,22,Traditional (18-22),Male,Hispanic/Latino,24.3,4.84,3.59,3.6,4.05,5.25,2.49,3.83,4.21,5.04,2.36,4.15,4.84,3.28,4.41,4.07,3.84,4.03,79.6,81.4,79.5,1.0,6.6
S0738,University A,Chemistry,AI Only,22,Traditional (18-22),Female,White,24.3,3.82,4.7,3.75,4.34,4.56,4.19,4.03,4.26,4.84,2.51,4.26,4.06,3.8,4.3,4.09,4.28,3.62,79.8,79.5,74.4,0.904,14.3
S0739,University C,Engineering,Control,30,Non-traditional (>22),Male,Black/African American,23.0,3.49,3.6,3.41,3.38,3.36,4.05,3.86,3.23,4.58,3.77,3.67,4.54,,,4.07,4.19,4.09,71.9,71.1,79.5,0.894,8.7
S0740,University A,Chemistry,AI Only,21,Traditional (18-22),Male,White,19.9,4.85,4.0,3.6,3.92,5.87,2.76,3.94,4.1,4.99,2.14,3.12,4.88,5.13,4.22,4.07,4.31,4.28,88.9,87.9,92.3,0.907,10.3
S0741,University A,Biology,AI Only,24,Non-traditional (>22),Male,Hispanic/Latino,22.8,4.29,3.47,3.84,4.14,5.1,2.64,4.04,4.52,4.46,3.2,3.76,4.11,4.67,4.61,3.83,4.16,4.01,78.0,81.4,77.4,0.781,5.8
S0742,University A,Engineering,AI Only,18,Traditional (18-22),Female,White,24.9,4.97,3.57,3.01,4.84,5.41,3.1,2.8,4.83,5.14,3.38,3.78,4.25,6.0,3.84,3.73,3.57,3.73,84.7,80.2,80.3,0.887,10.1
S0743,University C,Mathematics,AI + Mindset,32,Non-traditional (>22),Male,White,24.6,3.84,3.12,3.82,4.12,4.76,2.85,4.01,4.64,5.03,2.6,4.22,5.14,5.69,4.19,4.68,4.17,4.15,86.9,94.2,83.0,0.871,10.7
S0744,University B,Computer Science,AI + Mindset,20,Traditional (18-22),Female,Black/African American,23.0,4.13,3.44,3.34,4.14,5.13,3.07,4.55,4.77,4.96,1.67,4.99,5.24,4.98,3.82,4.85,4.52,4.72,79.9,78.0,82.0,0.821,10.9
S0745,University B,Biology,Control,18,Traditional (18-22),Male,Hispanic/Latino,23.3,4.69,2.84,3.74,4.75,4.91,3.04,4.19,4.7,4.5,3.64,3.62,4.37,,,3.58,4.43,4.44,70.5,63.3,71.0,0.997,8.1
S0746,University B,Chemistry,AI Only,21,Traditional (18-22),Female,Hispanic/Latino,20.7,3.98,3.78,4.45,4.14,4.4,3.97,4.68,4.47,5.03,1.85,4.42,4.76,5.23,4.29,3.6,4.67,4.55,82.0,81.5,77.5,0.846,10.9
S0747,University B,Engineering,AI + Mindset,31,Non-traditional (>22),Male,Other,23.8,3.62,3.66,4.42,3.87,3.94,2.96,4.7,4.0,4.96,2.23,4.49,5.27,6.15,4.21,4.76,4.37,3.9,89.0,84.4,92.0,0.949,8.0
S0748,University B,Mathematics,AI Only,18,Traditional (18-22),Female,Asian,25.1,4.21,3.84,3.64,4.32,5.03,2.77,3.72,4.42,4.64,2.27,3.99,4.44,4.14,3.97,4.44,3.94,4.14,85.5,86.9,88.3,0.887,7.0
S0749,University A,Chemistry,Mindset Only,23,Non-traditional (>22),Male,White,24.9,3.73,3.76,4.26,4.28,3.73,3.16,4.73,4.32,4.75,3.24,4.47,5.08,,,4.44,3.66,4.59,75.6,73.2,75.6,0.874,9.2
S0750,University A,Physics,AI Only,18,Traditional (18-22),Male,White,24.4,4.37,3.45,4.06,3.72,5.19,3.04,5.0,4.42,4.84,2.35,4.3,4.31,4.76,4.13,4.25,4.66,3.76,84.6,87.4,84.5,0.808,7.5
S0751,University A,Physics,AI Only,28,Non-traditional (>22),Female,Hispanic/Latino,25.1,4.38,2.82,3.9,4.64,4.65,2.93,3.91,4.82,4.82,2.71,3.67,4.12,4.77,4.6,4.21,3.4,4.93,69.5,70.7,74.6,0.811,9.5
S0752,University A,Physics,AI + Mindset,32,Non-traditional (>22),Male,Other,25.4,3.76,2.63,3.34,3.99,4.34,1.65,3.66,4.4,4.7,2.53,4.77,5.11,3.7,4.45,4.9,4.35,4.31,77.0,74.4,76.7,0.902,11.5
S0753,University A,Mathematics,AI + Mindset,44,Non-traditional (>22),Female,Black/African American,21.2,3.72,3.09,4.13,3.55,3.67,2.32,4.17,3.66,4.5,2.32,4.58,4.28,4.27,4.67,5.42,3.45,4.52,87.9,89.6,93.4,0.952,11.5
S0754,University C,Computer Science,Control,42,Non-traditional (>22),Male,Hispanic/Latino,23.9,3.37,2.92,3.6,3.72,3.69,2.85,3.66,4.13,3.77,4.42,4.07,4.79,,,4.57,4.01,3.74,72.4,78.1,73.3,0.733,5.4
S0755,University B,Biology,Mindset Only,18,Traditional (18-22),Male,White,20.4,4.47,4.17,4.0,4.17,5.0,3.23,4.83,4.49,4.56,3.88,4.77,5.42,,,4.33,4.58,3.66,74.9,74.1,82.2,0.938,4.8
S0756,University A,Engineering,Mindset Only,18,Traditional (18-22),Male,White,24.1,3.64,4.07,4.27,4.2,4.69,4.69,4.87,5.1,4.23,3.24,4.16,5.59,,,4.39,4.37,4.43,85.8,89.7,83.3,0.905,7.7
S0757,University C,Computer Science,Mindset Only,18,Traditional (18-22),Male,White,25.0,4.21,3.77,3.84,5.1,4.17,4.03,3.86,6.0,4.2,3.75,4.4,4.73,,,4.63,3.82,4.95,85.4,86.4,93.6,0.953,4.7
S0758,University C,Engineering,AI + Mindset,21,Traditional (18-22),Male,Black/African American,28.8,3.68,3.79,3.55,4.08,4.48,3.4,4.25,4.77,5.52,1.89,4.75,5.73,3.93,4.67,5.55,4.57,4.11,89.2,89.0,98.8,0.937,8.2
S0759,University A,Physics,AI Only,21,Traditional (18-22),Other,Hispanic/Latino,22.8,4.59,3.38,4.12,4.35,5.16,2.81,4.2,4.47,4.85,3.22,4.03,4.84,4.57,4.79,3.64,2.86,4.05,80.2,78.4,85.8,0.858,5.9
S0760,University A,Mathematics,Mindset Only,27,Non-traditional (>22),Female,White,20.8,4.53,3.72,3.81,3.76,5.2,3.56,4.15,4.3,4.32,3.62,4.87,4.76,,,4.84,3.95,5.02,77.7,77.7,85.6,0.939,7.1
S0761,University C,Chemistry,AI Only,21,Traditional (18-22),Male,White,21.3,4.25,2.53,3.46,3.77,4.54,2.05,4.05,4.08,5.02,2.11,4.12,4.64,5.9,4.16,4.07,4.52,4.38,75.8,75.1,75.3,0.942,12.2
S0762,University A,Physics,AI Only,37,Non-traditional (>22),Male,White,22.6,4.21,3.77,4.07,5.31,4.56,3.92,4.01,5.69,4.56,3.22,4.41,4.77,3.81,5.05,3.89,4.4,4.01,82.9,88.3,84.7,0.72,9.9
S0763,University A,Mathematics,Mindset Only,43,Non-traditional (>22),Male,White,22.2,4.14,3.85,3.66,4.52,4.59,3.48,4.46,4.67,4.31,3.22,4.94,4.93,,,5.76,4.16,3.67,94.5,95.8,94.1,0.773,10.7
S0764,University B,Physics,Mindset Only,39,Non-traditional (>22),Male,Black/African American,22.3,4.05,4.02,2.98,4.24,4.65,3.5,3.09,4.99,4.33,3.19,4.6,4.78,,,3.89,4.41,4.17,78.6,77.5,79.3,0.883,2.4
S0765,University C,Physics,Control,18,Traditional (18-22),Male,Black/African American,18.4,3.67,3.8,3.53,4.68,4.38,4.06,3.98,4.9,3.85,3.72,3.83,4.17,,,3.48,3.45,4.01,77.4,75.8,80.2,1.0,7.2
S0766,University A,Mathematics,AI Only,31,Non-traditional (>22),Male,White,19.6,4.24,2.76,3.8,3.79,4.75,2.52,3.64,4.22,4.93,2.66,3.78,4.05,4.69,4.46,3.9,3.76,4.3,74.1,81.2,79.5,0.834,7.3
S0767,University C,Chemistry,AI Only,34,Non-traditional (>22),Male,White,19.4,3.45,2.5,4.01,4.33,3.97,2.17,4.19,4.27,4.34,2.72,4.65,4.64,3.85,4.28,3.43,3.71,4.28,80.6,82.2,88.7,0.827,6.5
S0768,University B,Chemistry,AI Only,22,Traditional (18-22),Female,White,24.5,3.57,3.87,3.81,4.45,4.33,2.41,3.76,4.36,4.98,2.36,4.44,4.52,4.22,3.71,3.85,4.04,3.96,70.5,68.1,70.9,0.917,10.0
S0769,University A,Engineering,AI + Mindset,22,Traditional (18-22),Male,Hispanic/Latino,25.2,3.86,2.77,3.92,4.33,5.33,1.87,4.18,5.4,5.39,2.55,4.76,6.0,5.61,3.73,4.5,5.06,4.67,85.7,82.9,82.6,0.938,7.5
S0770,University A,Mathematics,AI + Mindset,18,Traditional (18-22),Male,White,20.0,4.01,4.43,3.1,3.97,4.65,3.26,3.19,5.15,5.15,2.56,5.18,6.0,4.95,3.98,5.23,4.66,4.44,88.2,92.2,92.5,0.782,9.9
S0771,University B,Chemistry,AI Only,20,Traditional (18-22),Male,White,21.4,3.99,3.8,3.84,5.01,4.52,3.39,3.92,4.89,5.13,2.63,4.44,4.45,4.74,4.96,4.37,3.53,4.58,82.8,82.8,89.6,0.924,4.6
S0772,University A,Chemistry,AI + Mindset,29,Non-traditional (>22),Male,Black/African American,25.5,3.87,3.58,3.57,3.96,4.78,3.43,3.92,4.37,4.53,2.36,4.88,4.68,3.48,3.61,5.17,4.26,4.08,84.5,83.7,95.4,0.88,12.1
S0773,University A,Engineering,AI Only,29,Non-traditional (>22),Female,Hispanic/Latino,21.2,4.24,3.15,4.88,4.75,5.04,2.3,4.46,4.8,4.43,2.96,4.13,4.03,4.33,4.01,3.66,3.96,4.0,77.6,78.5,79.0,0.815,4.8
S0774,University A,Chemistry,AI + Mindset,33,Non-traditional (>22),Female,Asian,24.4,4.41,4.0,4.19,3.72,4.42,3.06,4.53,4.53,4.92,2.17,4.59,5.34,4.82,4.62,5.19,4.13,3.96,79.3,79.0,79.4,0.876,9.5
S0775,University B,Mathematics,Control,41,Non-traditional (>22),Female,White,21.5,3.78,4.18,4.3,4.57,3.61,4.07,4.39,4.78,4.32,2.95,3.44,4.77,,,4.38,3.3,4.01,71.9,70.4,74.6,0.862,10.3
S0776,University A,Chemistry,AI Only,21,Traditional (18-22),Male,White,25.9,3.26,4.94,4.51,4.41,4.09,4.46,4.6,4.99,5.64,2.24,4.02,5.03,3.88,4.81,3.98,4.03,4.74,76.6,80.7,75.7,0.852,5.7
S0777,University C,Mathematics,AI + Mindset,22,Traditional (18-22),Male,White,19.5,4.56,4.45,3.9,3.96,4.66,3.01,4.46,4.65,5.58,2.19,5.2,5.83,4.88,5.08,5.19,4.31,4.9,77.7,75.3,81.1,0.874,8.4
S0778,University A,Physics,AI + Mindset,33,Non-traditional (>22),Female,White,22.9,3.74,2.85,3.14,4.09,4.19,2.1,3.53,5.03,5.1,2.66,4.81,4.78,4.53,4.83,4.8,4.92,4.75,75.8,75.3,82.3,0.883,6.3
S0779,University B,Engineering,Mindset Only,20,Traditional (18-22),Female,Hispanic/Latino,24.0,3.66,4.26,4.34,3.49,4.29,3.87,4.93,3.82,4.29,3.18,5.15,5.4,,,4.42,4.49,4.4,79.3,79.6,76.9,0.799,9.5
S0780,University A,Computer Science,AI Only,18,Traditional (18-22),Female,White,28.7,4.26,3.59,2.95,4.46,5.48,1.9,2.87,3.83,4.76,2.06,3.9,4.48,4.56,3.66,4.42,4.82,4.71,93.1,92.9,99.1,0.913,12.6
S0781,University A,Computer Science,AI Only,37,Non-traditional (>22),Female,Hispanic/Latino,18.0,3.94,3.07,3.68,3.58,4.25,3.21,3.74,3.91,4.77,1.96,4.5,4.21,3.87,3.75,4.1,4.33,3.68,66.9,63.1,71.2,0.917,10.0
S0782,University B,Computer Science,AI Only,29,Non-traditional (>22),Male,White,23.1,4.0,3.49,3.84,3.87,4.16,2.76,3.54,4.11,4.87,3.35,4.04,4.25,3.9,4.11,4.37,4.32,4.28,77.2,79.9,82.4,0.836,6.6
S0783,University A,Computer Science,AI Only,18,Traditional (18-22),Male,Asian,20.8,4.07,3.13,3.96,4.51,4.36,2.37,4.69,4.51,5.16,2.38,4.43,5.11,3.07,4.44,4.61,3.6,4.27,73.4,73.6,64.9,0.727,8.2
S0784,University B,Chemistry,Control,19,Traditional (18-22),Male,Black/African American,24.9,3.61,4.07,3.86,3.7,3.31,5.63,4.55,3.64,3.57,3.95,3.99,3.73,,,4.49,4.04,4.66,73.1,74.4,79.9,0.741,9.2
S0785,University B,Chemistry,Mindset Only,21,Traditional (18-22),Female,White,23.9,3.87,2.85,4.17,4.32,4.64,2.48,4.55,5.32,5.02,2.6,5.08,5.28,,,4.67,4.56,4.25,77.1,82.9,79.2,0.796,9.8
S0786,University A,Chemistry,Mindset Only,21,Traditional (18-22),Female,Black/African American,28.6,3.75,3.3,4.42,4.76,3.85,2.49,4.89,4.89,4.94,3.64,4.26,5.49,,,5.36,3.99,4.32,86.5,84.0,85.8,0.975,11.9
S0787,University A,Computer Science,AI + Mindset,36,Non-traditional (>22),Male,Hispanic/Latino,26.8,3.48,3.29,3.95,4.48,3.83,2.49,4.87,5.35,4.71,2.39,4.63,5.21,4.35,4.48,4.64,4.09,4.49,81.8,82.4,74.9,1.0,8.6
S0788,University A,Chemistry,Mindset Only,25,Non-traditional (>22),Male,Hispanic/Latino,22.0,4.14,4.34,4.23,3.89,3.62,4.26,4.8,3.94,4.12,3.38,4.67,5.1,,,5.45,4.24,3.92,79.4,79.4,80.4,0.872,7.4
S0789,University C,Mathematics,AI + Mindset,18,Traditional (18-22),Female,Asian,21.7,3.77,2.56,4.23,4.82,4.65,1.91,4.5,5.57,5.84,1.3,4.89,5.63,3.7,3.83,5.11,4.6,4.77,86.9,85.2,90.5,0.67,8.6
S0790,University C,Computer Science,Mindset Only,19,Traditional (18-22),Female,White,26.6,3.8,3.99,4.59,4.68,3.88,3.3,5.23,5.27,4.71,2.78,4.84,5.1,,,4.9,4.93,4.37,75.7,77.3,82.5,0.859,6.8
S0791,University B,Biology,AI Only,22,Traditional (18-22),Male,Hispanic/Latino,24.4,4.07,3.76,3.91,3.74,4.97,3.16,3.91,3.4,4.88,2.25,3.96,5.14,5.29,3.59,4.56,3.63,4.05,77.8,79.6,89.6,0.777,8.6
S0792,University A,Engineering,Control,42,Non-traditional (>22),Female,White,21.3,4.02,3.46,3.28,4.26,3.85,2.92,3.39,4.08,3.71,3.46,3.97,4.35,,,3.09,4.51,3.56,70.7,71.4,76.1,0.761,7.8
S0793,University C,Engineering,Control,37,Non-traditional (>22),Male,Black/African American,21.1,4.71,3.05,3.57,3.73,4.9,3.53,3.92,3.35,3.84,3.33,3.74,3.63,,,3.76,3.99,4.59,71.8,73.3,79.6,0.881,8.6
S0794,University A,Chemistry,Mindset Only,39,Non-traditional (>22),Female,Hispanic/Latino,20.5,3.8,3.26,3.77,4.14,3.12,3.2,4.14,4.81,4.41,2.82,3.92,4.75,,,4.34,4.63,4.79,79.1,78.5,85.5,0.85,9.1
S0795,University B,Engineering,AI Only,21,Traditional (18-22),Male,White,25.9,3.85,4.12,3.29,4.29,4.49,3.66,3.47,4.64,4.57,2.49,4.56,4.58,4.22,4.74,3.24,3.87,4.82,80.7,80.1,80.6,0.98,8.7
S0796,University B,Mathematics,AI + Mindset,18,Traditional (18-22),Female,Hispanic/Latino,21.4,4.08,2.79,3.92,4.47,4.77,2.63,4.65,4.79,5.29,1.67,5.09,5.41,4.34,3.86,4.29,4.06,4.2,80.7,79.8,82.9,0.903,8.1
S0797,University C,Biology,Control,40,Non-traditional (>22),Male,White,25.0,4.01,3.86,3.82,4.38,4.21,4.18,3.87,4.15,4.21,4.25,3.86,3.71,,,4.67,4.58,4.12,70.8,71.4,75.9,0.777,5.4
S0798,University A,Engineering,Mindset Only,41,Non-traditional (>22),Female,White,22.5,3.22,3.85,3.87,4.81,3.2,3.56,4.53,4.91,4.46,3.23,4.07,5.01,,,4.48,3.89,4.39,80.5,83.6,86.7,0.892,8.2
S0799,University C,Physics,AI + Mindset,22,Traditional (18-22),Male,Hispanic/Latino,22.4,3.95,3.22,3.85,4.12,4.49,1.33,4.29,4.2,5.0,2.42,5.27,5.93,4.85,4.61,5.41,3.87,5.18,86.1,83.5,93.8,0.736,10.0
S0800,University B,Biology,Mindset Only,41,Non-traditional (>22),Female,White,22.6,4.31,3.59,3.36,4.5,4.83,3.05,3.98,4.92,5.04,3.57,4.24,4.67,,,5.05,4.2,4.4,77.1,78.6,81.1,0.879,7.4
S0801,University C,Physics,Mindset Only,33,Non-traditional (>22),Female,Hispanic/Latino,20.5,3.95,2.71,4.6,4.71,4.25,2.72,5.06,5.5,4.6,2.73,4.27,5.19,,,3.67,3.94,3.86,76.7,75.2,81.7,0.941,10.6
S0802,University C,Engineering,Control,29,Non-traditional (>22),Female,Hispanic/Latino,22.7,3.58,4.14,3.62,4.61,3.62,4.79,3.31,4.28,4.04,3.9,3.61,4.26,,,2.85,4.0,2.81,75.7,73.0,78.3,0.976,11.3
S0803,University C,Biology,Control,22,Traditional (18-22),Female,White,27.0,4.13,3.29,3.47,4.04,4.02,3.3,3.81,3.8,3.89,3.49,3.75,3.89,,,3.25,4.57,4.3,76.1,76.6,81.3,0.799,6.7
S0804,University A,Physics,AI + Mindset,20,Traditional (18-22),Female,White,22.4,3.83,3.25,3.97,4.38,4.99,2.39,4.07,5.88,5.66,2.02,5.06,5.24,4.74,4.18,4.39,4.75,4.4,82.3,82.3,82.7,0.867,7.9
S0805,University C,Chemistry,AI Only,18,Traditional (18-22),Female,Black/African American,21.6,3.58,2.64,3.93,3.99,3.65,2.49,4.32,3.85,4.64,2.21,4.35,4.38,4.66,3.95,4.38,4.07,4.74,80.1,78.0,86.3,0.851,7.7
S0806,University B,Engineering,Control,23,Non-traditional (>22),Male,White,17.6,4.0,3.9,3.57,4.19,4.09,4.1,3.51,4.72,3.87,3.17,3.58,4.18,,,4.61,3.21,3.98,72.9,72.9,69.6,0.813,10.4
S0807,University B,Engineering,Control,18,Traditional (18-22),Male,White,22.1,3.87,3.89,3.37,4.61,4.27,3.89,3.39,4.38,4.18,3.9,3.61,3.85,,,3.34,4.0,4.43,76.2,74.5,76.5,0.969,8.0
S0808,University A,Physics,AI + Mindset,25,Non-traditional (>22),Female,Black/African American,24.3,3.79,2.98,3.66,4.48,4.38,2.94,4.37,5.2,5.06,1.76,4.91,5.35,4.23,4.29,4.45,4.15,4.76,81.7,76.8,82.5,0.785,8.3
S0809,University C,Physics,Mindset Only,20,Traditional (18-22),Female,Asian,20.8,4.39,3.57,4.37,4.67,4.82,3.42,4.8,5.56,4.58,2.68,4.71,4.9,,,5.05,4.6,4.38,76.8,77.9,82.5,0.804,5.5
S0810,University C,Chemistry,Control,37,Non-traditional (>22),Female,Hispanic/Latino,23.2,3.2,3.07,3.84,4.68,3.63,2.97,3.89,4.97,4.11,3.46,3.84,3.83,,,3.77,4.07,4.32,77.9,73.9,81.5,0.792,7.9
S0811,University C,Engineering,Mindset Only,19,Traditional (18-22),Female,Other,23.6,3.71,3.82,4.39,4.17,4.3,3.94,4.76,4.87,4.38,3.08,4.81,4.98,,,5.09,4.41,4.36,81.3,84.7,89.8,0.847,6.4
S0812,University B,Engineering,Control,44,Non-traditional (>22),Male,White,21.8,3.55,3.25,4.57,4.33,3.3,2.42,4.87,4.03,3.59,3.88,3.61,4.06,,,3.72,4.14,4.16,72.4,70.8,72.7,0.769,7.6
S0813,University B,Computer Science,Control,20,Traditional (18-22),Female,White,21.5,3.64,3.68,3.84,4.42,3.32,4.47,3.5,4.23,3.88,2.82,3.32,4.13,,,3.39,3.29,4.81,66.7,68.2,69.2,0.893,6.5
S0814,University C,Biology,Mindset Only,28,Non-traditional (>22),Female,White,22.0,3.81,3.51,4.42,4.75,4.46,2.9,5.23,4.98,4.47,3.15,3.75,5.09,,,3.98,4.2,4.17,76.0,78.2,80.5,0.842,8.5
S0815,University B,Biology,AI Only,21,Traditional (18-22),Male,Other,25.0,4.1,4.36,3.76,4.39,4.91,3.3,4.6,4.76,5.05,2.88,3.95,4.73,5.24,3.49,4.81,4.02,3.85,82.4,84.0,77.8,0.936,9.8
S0816,University B,Chemistry,AI Only,18,Traditional (18-22),Male,Hispanic/Latino,22.0,4.58,3.58,3.47,3.95,4.59,2.99,3.74,4.62,4.87,2.51,4.06,4.69,4.8,4.25,3.37,4.03,4.25,77.8,74.3,77.0,0.804,7.8
S0817,University A,Computer Science,Mindset Only,20,Traditional (18-22),Female,White,25.6,4.4,2.98,3.42,4.07,4.97,2.19,3.74,4.47,4.45,2.55,4.49,5.2,,,4.65,3.85,3.88,87.5,90.3,91.6,0.96,11.9
S0818,University A,Computer Science,AI Only,19,Traditional (18-22),Female,White,20.7,3.69,3.08,3.56,4.82,4.6,2.61,3.65,4.78,4.88,2.72,4.03,4.87,4.51,3.7,4.01,4.37,4.62,72.0,69.1,72.8,0.864,8.9
S0819,University C,Computer Science,AI + Mindset,33,Non-traditional (>22),Male,White,21.2,4.31,3.22,3.99,3.98,4.53,3.07,3.83,5.04,5.47,2.81,4.42,5.03,3.82,3.93,4.9,4.37,3.96,75.0,78.0,77.7,0.814,7.3
S0820,University A,Engineering,AI Only,20,Traditional (18-22),Male,White,23.2,4.55,3.53,2.93,4.3,5.12,3.18,2.88,4.83,4.93,2.1,3.9,4.46,4.88,4.19,4.53,3.2,3.68,81.6,82.4,84.1,0.945,11.0
S0821,University C,Engineering,Control,40,Non-traditional (>22),Female,White,25.9,4.15,4.17,3.64,3.95,4.13,4.04,3.84,3.95,3.98,3.31,3.79,4.61,,,3.7,4.19,4.06,71.5,76.1,74.0,0.783,6.7
S0822,University A,Computer Science,AI Only,38,Non-traditional (>22),Male,White,25.7,4.4,3.4,3.67,4.56,4.76,3.12,4.06,4.47,4.78,3.27,4.17,4.39,4.89,3.83,3.59,4.47,4.6,79.8,80.9,87.1,0.788,9.4
S0823,University C,Biology,Mindset Only,33,Non-traditional (>22),Female,Black/African American,21.9,4.19,4.12,3.63,4.18,4.18,3.21,4.2,4.55,4.7,2.78,4.42,4.95,,,4.8,4.19,4.35,80.7,80.9,78.8,0.852,10.8
S0824,University A,Chemistry,Control,33,Non-traditional (>22),Male,Hispanic/Latino,17.9,3.62,3.36,3.48,4.58,3.19,3.31,3.79,4.39,3.85,3.39,4.36,4.2,,,3.07,4.38,3.34,68.8,70.1,70.7,0.829,8.4
S0825,University B,Chemistry,AI + Mindset,28,Non-traditional (>22),Male,White,22.7,4.26,3.41,3.7,3.47,4.86,2.24,4.05,4.24,4.85,2.8,4.74,5.17,4.36,3.51,5.59,4.61,4.16,80.3,80.5,81.9,0.808,7.4
S0826,University A,Biology,AI Only,30,Non-traditional (>22),Female,Asian,24.2,3.35,3.78,3.32,4.09,3.72,3.33,3.37,4.33,5.26,3.86,4.31,4.24,3.55,3.93,4.31,4.33,4.51,78.6,74.9,87.6,0.778,8.4
S0827,University A,Chemistry,Mindset Only,33,Non-traditional (>22),Male,Black/African American,21.1,4.9,4.25,3.73,4.71,4.97,4.44,3.65,5.2,4.54,3.68,4.21,4.57,,,4.95,3.99,4.6,78.2,81.2,78.9,0.909,7.2
S0828,University C,Chemistry,Mindset Only,20,Traditional (18-22),Male,White,21.1,4.36,2.9,3.97,4.34,4.6,2.72,4.47,5.28,4.21,2.8,4.46,5.28,,,4.76,4.65,4.45,72.4,72.7,78.9,0.909,5.2
S0829,University C,Computer Science,Mindset Only,20,Traditional (18-22),Male,Hispanic/Latino,21.6,4.21,3.12,3.74,3.56,4.71,2.22,3.96,4.5,4.59,3.67,4.44,4.9,,,4.41,4.18,3.75,82.1,85.7,85.6,0.893,7.7
S0830,University B,Biology,AI Only,33,Non-traditional (>22),Female,Hispanic/Latino,23.7,4.35,3.97,4.32,4.6,5.49,4.01,4.57,4.99,4.65,3.15,4.15,3.86,5.04,3.99,4.45,3.74,4.36,80.4,80.8,81.4,0.783,8.3
S0831,University C,Physics,AI Only,20,Traditional (18-22),Male,Hispanic/Latino,21.3,4.04,3.81,3.2,3.93,4.67,3.35,3.24,4.7,5.05,2.0,4.89,4.13,5.3,3.63,3.94,4.13,4.14,78.8,80.2,83.9,0.919,5.3
S0832,University C,Computer Science,AI Only,22,Traditional (18-22),Female,Hispanic/Latino,22.6,4.04,3.85,3.46,4.33,4.37,3.42,3.87,4.64,4.42,2.75,3.97,4.1,6.1,4.04,4.18,3.74,3.94,82.3,82.8,92.3,0.891,9.8
S0833,University A,Computer Science,AI + Mindset,18,Traditional (18-22),Other,Asian,19.9,5.03,3.69,3.78,3.83,5.33,2.83,5.2,5.01,5.62,2.29,4.94,5.4,4.97,4.86,5.18,4.27,4.18,82.9,86.2,85.9,0.902,3.9
S0834,University A,Chemistry,Mindset Only,25,Non-traditional (>22),Female,Other,21.1,4.34,3.47,4.13,3.85,4.77,3.08,4.69,4.94,4.94,2.66,3.96,5.08,,,3.65,4.19,4.18,75.9,73.5,76.4,0.842,8.7
S0835,University C,Biology,Mindset Only,30,Non-traditional (>22),Male,Other,18.2,3.96,3.0,3.01,4.3,4.45,2.79,3.73,4.68,4.56,3.29,4.04,5.01,,,4.59,3.67,3.67,77.0,77.5,75.6,0.903,9.3
S0836,University A,Chemistry,Control,19,Traditional (18-22),Female,White,21.4,4.39,2.72,4.07,4.57,4.67,2.09,4.17,4.36,3.96,2.62,3.59,4.29,,,4.26,3.44,3.81,80.0,75.8,80.4,0.793,10.3
S0837,University B,Engineering,Control,19,Traditional (18-22),Male,Black/African American,23.2,3.71,3.87,4.66,3.98,3.35,3.92,4.94,4.04,4.3,3.91,4.27,4.47,,,3.3,4.03,4.66,67.9,73.3,66.5,0.708,10.2
S0838,University A,Engineering,AI Only,20,Traditional (18-22),Male,White,24.1,4.84,3.75,3.62,3.94,5.19,2.93,3.79,4.19,5.03,2.68,3.83,4.37,4.55,4.42,5.27,3.85,4.23,82.3,83.9,86.1,0.883,9.1
S0839,University A,Chemistry,Control,18,Traditional (18-22),Male,Hispanic/Latino,23.3,4.27,2.99,3.56,3.76,4.05,2.67,3.4,3.68,4.21,3.19,3.19,4.23,,,3.12,4.12,3.83,75.6,76.0,74.2,0.841,6.2
S0840,University C,Chemistry,AI + Mindset,42,Non-traditional (>22),Male,Hispanic/Latino,21.3,4.09,2.43,3.77,3.98,4.83,1.8,4.08,4.76,5.12,2.31,4.99,5.49,3.94,3.27,4.6,3.89,4.71,73.1,69.9,77.4,1.0,9.7
S0841,University A,Chemistry,AI + Mindset,19,Traditional (18-22),Female,Hispanic/Latino,27.3,4.68,3.96,4.14,3.78,5.57,3.09,4.84,4.32,5.04,2.58,5.51,6.0,4.22,3.29,4.49,4.03,4.62,79.9,74.2,78.9,0.635,7.7
S0842,University B,Computer Science,Control,21,Traditional (18-22),Male,White,27.9,3.53,3.91,3.76,4.58,3.15,3.81,3.49,4.33,4.3,3.19,3.43,4.09,,,3.52,3.6,4.23,73.3,75.5,70.8,0.868,7.9
S0843,University A,Engineering,AI + Mindset,20,Traditional (18-22),Male,White,22.5,3.25,3.49,4.63,4.28,4.33,2.94,5.26,5.0,5.87,2.15,4.96,5.2,4.15,3.8,5.37,4.19,5.6,85.1,80.9,87.9,0.885,7.3
S0844,University A,Engineering,AI Only,21,Traditional (18-22),Male,White,23.7,3.88,2.55,4.22,4.17,5.34,1.74,4.54,4.55,5.04,2.85,4.47,4.73,5.44,4.04,4.59,3.78,4.35,83.3,80.0,86.7,0.878,8.2
S0845,University A,Mathematics,Mindset Only,38,Non-traditional (>22),Male,White,25.3,3.91,3.04,3.87,4.28,4.43,2.87,4.33,4.39,4.76,2.67,4.55,5.35,,,5.45,4.45,4.26,75.9,78.2,72.8,0.803,9.3
S0846,University A,Computer Science,Control,37,Non-traditional (>22),Female,White,22.7,3.88,4.17,3.65,3.52,4.7,4.04,4.04,3.94,4.16,3.38,3.78,4.19,,,5.0,3.56,4.0,74.9,77.7,76.1,0.873,5.4
S0847,University C,Biology,Control,30,Non-traditional (>22),Male,Hispanic/Latino,20.5,4.34,2.79,3.74,3.97,4.12,2.24,3.75,3.95,4.31,3.13,3.62,4.25,,,3.4,3.88,4.55,77.5,83.2,89.4,0.772,4.4
